date,ticker,score,fwd_1d,fwd_5d,target_cls
2024-04-04,AAPL,0.008810701836940757,0.003369418238901689,0.007708668538935148,1
2024-04-04,AMZN,0.02724583377372525,0.03491850483474379,0.10495598023668995,1
2024-04-04,MSFT,0.013272757786010133,0.0025686913571407732,-0.0019576966833259046,0
2024-04-04,NVDA,-0.025803305123692655,-0.00281249415087248,-0.026721401635804498,0
2024-04-05,AAPL,0.0098275811849841,0.012254140961357463,0.002326455635945912,1
2024-04-05,AMZN,0.015272663080862234,0.007762493025714967,0.049358168420422954,1
2024-04-05,MSFT,0.017882889852620282,0.013408027442751269,-0.007113920386621619,0
2024-04-05,NVDA,-0.04237394046726421,-0.0316206326580899,0.00041799575937795375,1
2024-04-08,AAPL,0.009526473897457033,-0.018984896458311473,-0.02545850557509788,0
2024-04-08,AMZN,0.03049012909942137,0.04188357657792019,0.0381036357899005,1
2024-04-08,MSFT,0.011828177507549435,-0.006573724448809104,-0.036414122242261926,0
2024-04-08,NVDA,-0.010447682026241429,0.009837225826180074,0.020832334363337868,1
2024-04-09,AAPL,0.011494975120449363,0.011022312764029873,-0.0008368715275625105,0
2024-04-09,AMZN,0.012580933763655575,0.004836430267789904,-0.004945916693633645,0
2024-04-09,MSFT,-0.007362431760343225,-0.018255064926952724,-0.022953125905002647,0
2024-04-09,NVDA,-0.021676983909009167,0.014817662764213813,0.005311250395490852,1
2024-04-10,AAPL,0.01574565341464214,0.0003411591911015588,-0.03738757846894192,0
2024-04-10,AMZN,0.026892726034179318,0.011966345018465496,0.002933181759988024,1
2024-04-10,MSFT,6.0939628929455153e-05,0.007201026031293356,0.015629844320398156,1
2024-04-10,NVDA,-0.014860979207639903,-0.016497599996413426,-0.0070640690807454165,0
2024-04-11,AAPL,0.01976661726158608,-0.001989618552098671,-0.030585681240985596,0
2024-04-11,AMZN,0.01667404303635564,-0.017155247700311516,-0.009599723271383254,0
2024-04-11,MSFT,0.006719494495450454,-0.0026109171959021182,-0.014112138694880039,0
2024-04-11,NVDA,-0.009900158345753854,0.02499359142856572,0.03762806464812596,1
2024-04-12,AAPL,0.021670512303936088,-0.01580602036051948,-0.04422691095001208,0
2024-04-12,AMZN,0.0224721409551608,-0.0030459193952291352,0.015107538411184285,1
2024-04-12,MSFT,-0.005063536984264307,-0.01649777985566636,0.002988676958833425,1
2024-04-12,NVDA,-0.04355953066826138,-0.011860068188235151,-0.0020462255231095128,0
2024-04-15,AAPL,0.02053940946598901,0.0058002922819200275,-0.028063148317474584,0
2024-04-15,AMZN,0.01827701307280949,-0.001322727846102878,0.024972395742920206,1
2024-04-15,MSFT,0.002581475167683988,0.007304133005525459,-0.015507837387008894,0
2024-04-15,NVDA,-0.007044573420718874,-0.005516684750801137,0.015238783091373165,1
2024-04-16,AAPL,0.018270182970774068,-0.02596221880243199,-0.03469275199087074,0
2024-04-16,AMZN,0.01825201377747734,0.012792987902886965,0.02044839252773767,1
2024-04-16,MSFT,-0.0005417144929523924,0.020513428789325605,-0.02784589373402513,0
2024-04-16,NVDA,-0.0033464853285335105,0.0023253199381545464,0.034706735048739334,1
2024-04-17,AAPL,0.018233398763746356,0.007409650730915818,0.004119732243532681,1
2024-04-17,AMZN,0.013129612196279266,-0.0006794406906123207,-0.0002735015697377108,0
2024-04-17,MSFT,-0.006672396568360885,-0.02229412515662621,-0.022258130583289737,0
2024-04-17,NVDA,-0.0006203702543091751,0.027769929674844596,0.04263317361267682,1
2024-04-18,AAPL,0.027503367968347417,-0.0160332411826698,-0.004973860785166817,0
2024-04-18,AMZN,0.021414226990735884,0.007363528252192442,-0.01258388243911479,0
2024-04-18,MSFT,0.004592981224537622,0.014689394035722225,-0.004280534302515515,0
2024-04-18,NVDA,-0.027669973836844122,-0.014197612583234043,0.02525349109493691,1
2024-04-19,AAPL,0.026496711481369634,0.0008383882899452022,0.0037985647456690863,1
2024-04-19,AMZN,0.027183581698372313,0.006642521877555874,0.00195770770130288,1
2024-04-19,MSFT,-0.007492288769023426,-0.03463493667704287,-0.017193607920895637,0
2024-04-19,NVDA,0.011980042758914672,0.005254960253471719,0.05387595884081153,1
2024-04-22,AAPL,0.018167275028496365,-0.0010602947005284857,-0.0023664937060411395,0
2024-04-22,AMZN,0.031123771400251007,-0.005730670156470663,-0.0103494677296605,0
2024-04-22,MSFT,0.014212067065937056,-0.005319812236068255,0.029276303801887504,1
2024-04-22,NVDA,-0.004232536507702684,0.013553265812672688,0.03882811947948972,1
2024-04-23,AAPL,0.033022026480928855,0.013201297377948285,0.01302739606659209,1
2024-04-23,AMZN,0.02356817471911328,-0.007773450529146575,0.0022341997741190944,1
2024-04-23,MSFT,0.017816727734202183,0.02637915243896627,0.010483896180027097,1
2024-04-23,NVDA,0.0011444746624059926,0.010003698555448803,0.05507650847432877,1
2024-04-24,AAPL,0.028560450277629927,-0.0017137367325120723,0.005995518030803115,1
2024-04-24,AMZN,0.02258184520766265,-0.01298482292766756,0.007240512925234643,1
2024-04-24,MSFT,-0.00762945122185773,-0.00431719070279013,-0.014226408835011362,0
2024-04-24,NVDA,0.004909421389190791,0.01063800300006168,0.04295679525542595,1
2024-04-25,AAPL,0.031489343037184855,-0.007358318206923675,0.003707750254677622,1
2024-04-25,AMZN,0.026059522232628717,0.022198882151856836,0.04273454938838861,1
2024-04-25,MSFT,-0.007100926327873736,0.001530307268452491,-0.008794157808457936,0
2024-04-25,NVDA,-0.011043790263782022,0.013323480768526963,0.028007553342229707,1
2024-04-26,AAPL,0.053864147681781424,-0.005308489561076657,0.008773772929720813,1
2024-04-26,AMZN,0.02524200125991064,-0.005722197728661116,-0.019371111498719396,0
2024-04-26,MSFT,-0.005867993316270774,0.011010298879448932,0.016108669350341165,1
2024-04-26,NVDA,-0.022955771574774707,-0.00909864088162271,0.038301956193575126,1
2024-04-29,AAPL,0.04977998753196158,0.014353750252724673,-0.0029265206607923533,0
2024-04-29,AMZN,0.02073041026380379,0.006911726576499522,-0.007425455105134482,0
2024-04-29,MSFT,-0.01878868146881225,-0.02348056797561382,-0.011928481774464483,0
2024-04-29,NVDA,-0.014918178706760946,0.029406328914358237,0.036964083810203,1
2024-04-30,AAPL,0.041845674096335404,0.006168212215070357,-0.012579513592499758,0
2024-04-30,AMZN,0.01659916879557539,-0.0028171271222808825,-0.03837365748900756,0
2024-04-30,MSFT,-0.013372340420365645,0.0012801458999001092,0.006711302311713352,1
2024-04-30,NVDA,-0.03399066021976825,-0.0015982611870005714,0.01313528661415475,1
2024-05-01,AAPL,0.034855389917058104,-0.0039839726366665,-0.037206712536234754,0
2024-05-01,AMZN,0.02854602224095596,0.021796495173753927,-0.027790719397677077,0
2024-05-01,MSFT,-0.0007069163440277765,0.0011696665344120838,-0.007290719319868466,0
2024-05-01,NVDA,-0.041245243493269634,-0.003847996863257208,0.0026546352895209235,1
2024-05-02,AAPL,0.038610555835975106,-0.002348149393461285,-0.025084866237091163,0
2024-05-02,AMZN,0.029078546548810147,-0.0386836666917969,-0.0510199164048325,0
2024-05-02,MSFT,-0.008577113622649388,0.026692523908601773,-0.02244250922692892,0
2024-05-02,NVDA,-0.03473996173413713,0.023470838242549252,0.05087541594547762,1
2024-05-03,AAPL,0.026232394221246607,-0.01684544959754375,-0.021161981217610704,0
2024-05-03,AMZN,0.02623431537731322,0.006389724656018725,-0.0412960284718058,0
2024-05-03,MSFT,-0.007298454306245621,-0.016886174591780434,-0.03244889155627839,0
2024-05-03,NVDA,-0.05110453376633443,-0.01037543666834162,0.06818509937668527,1
2024-05-06,AAPL,0.0471026119778725,0.004533461393041449,0.022352466887211486,1
2024-05-06,AMZN,0.02973487065305946,-0.024483505204389577,-0.040631033738362854,0
2024-05-06,MSFT,-0.014753951675495187,-0.0050587118314548984,-0.015196881561557962,0
2024-05-06,NVDA,-0.03431628633444303,0.005751204279859756,0.07767568625850818,1
2024-05-07,AAPL,0.03338494343449824,-0.018926572706028044,0.005748061633499724,1
2024-05-07,AMZN,0.03893395648673522,0.008157119466933649,-0.011827193414676418,0
2024-05-07,MSFT,-0.017260810320576535,-0.012646335535214326,-0.017593325823860195,0
2024-05-07,NVDA,-0.053289988137491105,-0.011926497351172571,0.08133828014082911,1
2024-05-08,AAPL,0.04229598103552085,0.00855615757860173,0.024249648579526273,1
2024-05-08,AMZN,0.04467675798226249,-0.0026174993860459406,-0.024042407885497052,0
2024-05-08,MSFT,-0.016123358557746083,-0.014111254822803398,-0.011931043272063624,0
2024-05-08,NVDA,-0.022770566624999107,0.04406005198287222,0.09480471795598633,1
2024-05-09,AAPL,0.02921532039286463,0.0016662241287710433,0.03610832370326378,1
2024-05-09,AMZN,0.0475688584895789,-0.028833373250586214,-0.023222630780057374,0
2024-05-09,MSFT,0.0033540370047656547,0.016183190160067085,-0.00539161601856375,0
2024-05-09,NVDA,-0.056461697158141595,0.04032912224295315,0.042709701971259006,1
2024-05-10,AAPL,0.022462209924457695,0.026860890819969674,0.048291972128235106,1
2024-05-10,AMZN,0.04282717078737494,0.007087796100972321,0.009344307040689115,1
2024-05-10,MSFT,-0.016688889772101523,0.0006433278746797999,-0.02743958876682473,0
2024-05-10,NVDA,-0.07205231100914726,-0.0015828426655181138,0.004620055832612824,1
2024-05-13,AAPL,0.028558218563234886,-0.011781538789497392,0.013335478910397658,1
2024-05-13,AMZN,0.03370915602556524,0.004805144248913651,0.026456446458985372,1
2024-05-13,MSFT,-0.005634068675332228,-0.007479826566692327,-0.04486104049066941,0
2024-05-13,NVDA,-0.059739769231428846,0.00916935526433793,0.0058101019666363385,1
2024-05-14,AAPL,0.028514893675598545,-0.0008788965454251674,0.0282028545517945,1
2024-05-14,AMZN,0.02244801583795275,-0.004305129395315355,0.015460651768769429,1
2024-05-14,MSFT,-0.0011031538673031004,-0.0069555400899985464,-0.04088348448637724,0
2024-05-14,NVDA,-0.04987684860730931,0.00037846828686238787,-0.02848214297886298,0
2024-05-15,AAPL,0.028522557868950853,0.020233134801250996,0.029387281411423993,1
2024-05-15,AMZN,0.020173167283587666,-0.0017797259561593837,0.041047498049649356,1
2024-05-15,MSFT,0.00702416130863892,-0.0075862570630510495,-0.038750968456726764,0
2024-05-15,NVDA,-0.04467320214892293,-0.005620337775230189,-0.024214635013059094,0
2024-05-16,AAPL,0.008508781480031629,0.01344486622126384,0.012359862133400012,1
2024-05-16,AMZN,0.023799959588533218,0.003546495636210789,0.04244584078855884,1
2024-05-16,MSFT,0.018321041387337984,-0.006343041917530434,-0.041365823590483575,0
2024-05-16,NVDA,-0.034245746663697736,0.0023264374505806984,-0.019120261059627164,0
2024-05-17,AAPL,0.021915063834322228,-0.007380958512078539,-0.008470588864790463,0
2024-05-17,AMZN,0.022409183225982055,0.02416167926763091,0.06636342632492487,1
2024-05-17,MSFT,0.03560380922120082,-0.01728117247306904,-0.0328888513435428,0
2024-05-17,NVDA,-0.04913899219546785,-0.0004001443196806065,-0.015903920500213387,0
2024-05-20,AAPL,0.017386751534717512,0.002717326970515188,-0.0018291850496546802,0
2024-05-20,AMZN,0.010426666429099214,-0.005958713397408277,0.036642323887437156,1
2024-05-20,MSFT,0.028428043139860002,-0.0033466012009836232,-0.012304829634476433,0
2024-05-20,NVDA,-0.05473586463746694,-0.02523742058186862,-0.01652132362110237,0
2024-05-21,AAPL,0.014464651297268325,0.0002720299139942206,-0.02163559675603932,0
2024-05-21,AMZN,0.019344620463948452,0.02078367296492023,0.02937004517517483,1
2024-05-21,MSFT,0.026589466131627337,-0.0047475880897352996,-0.016415776446498165,0
2024-05-21,NVDA,-0.021074446427173456,0.004772749927060893,0.0030709597607825323,1
2024-05-22,AAPL,0.008161831432130534,0.0033571371458549493,-0.02020186462036988,0
2024-05-22,AMZN,0.02541740280188752,-0.00043890906292776144,-0.013179539856320588,0
2024-05-22,MSFT,0.029907444634749536,-0.010285888568908996,-0.013449725861262696,0
2024-05-22,NVDA,-0.02501605722750454,-0.00042888683445074793,0.013559435048550839,1
2024-05-23,AAPL,0.003403507509112169,-0.00740790996516294,-0.018388823821561262,0
2024-05-23,AMZN,0.025428184085346524,0.026571585487346505,-0.013107799683388377,0
2024-05-23,MSFT,0.0375903822881843,0.002443628393132835,0.027664645392010412,1
2024-05-23,NVDA,-0.02122736259585175,0.005613102519254287,0.023522994342516146,1
2024-05-24,AAPL,0.021074111641375303,-0.0007322561991873755,-0.013287065856581681,0
2024-05-24,AMZN,0.019604057142229913,-0.0043831989892757495,-0.05348893600131521,0
2024-05-24,MSFT,0.03344870935770852,0.0036350435252932023,0.056333881958372745,1
2024-05-24,NVDA,-0.0023041392715190934,-0.0010272742142035662,0.042556623772924684,1
2024-05-27,AAPL,0.010513613469546232,-0.017179299844897633,-0.029708914235644257,0
2024-05-27,AMZN,0.025281133641035153,-0.012932136265732863,-0.02193585076176796,0
2024-05-27,MSFT,0.023471487538531215,-0.00749483360650105,0.037369929414618364,1
2024-05-27,NVDA,-0.004320001381095176,-0.005818774153931949,0.052748324806190405,1
2024-05-28,AAPL,0.02328115836925359,0.0017378663129308247,-0.001705281817825477,0
2024-05-28,AMZN,0.024870638363111017,-0.021410989581522655,-0.025935528802803143,0
2024-05-28,MSFT,0.03948350932192966,-0.0017463514613776931,0.03218652405612166,1
2024-05-28,NVDA,0.0026146966865301896,0.01527901975262358,0.05566474082988648,1
2024-05-29,AAPL,0.007145049260507096,0.005213772058429544,0.0008170135553096092,1
2024-05-29,AMZN,0.023599142748858788,-0.0003662426677562003,-0.01796145771361346,0
2024-05-29,MSFT,0.037965717539565715,0.03096033524619779,0.019044703577660638,1
2024-05-29,NVDA,-0.0038324594215978116,0.009397163528430008,0.051042205462851875,1
2024-05-30,AAPL,0.008266241660693403,-0.002249080558772376,-0.012046565582090718,0
2024-05-30,AMZN,0.025273928640106736,-0.01543313105654287,-0.005809808113133252,0
2024-05-30,MSFT,0.007223816665921263,0.030409262567384632,0.00344958247010263,1
2024-05-30,NVDA,-0.004696211622813819,0.02431367617467095,0.00707343937703242,1
2024-05-31,AAPL,0.010707901450264009,-0.017363054084724827,-0.012624340808009782,0
2024-05-31,AMZN,0.0349437775611252,0.028806885081691158,0.03432863025002364,1
2024-05-31,MSFT,-0.023781799235898998,-0.014382827208320736,-0.031320843251610775,0
2024-05-31,NVDA,-0.01938117357865769,0.008738364533311449,0.019261447510183327,1
2024-06-03,AAPL,0.021110177077088187,0.01118595056661742,-0.011381246477509488,0
2024-06-03,AMZN,0.010054012880893297,-0.016968633935813493,0.02049080247037982,1
2024-06-03,MSFT,-0.014357566867902023,-0.012454064110437812,-0.013615585294988963,0
2024-06-03,NVDA,-0.012904645180095256,-0.0030646058601480064,0.015450493928074849,1
2024-06-04,AAPL,0.006955927067646179,0.004268861157715742,-0.033041664114710545,0
2024-06-04,AMZN,0.029575301954372305,-0.01339987885228533,0.06064968932206982,1
2024-06-04,MSFT,-0.01971370203888674,-0.01445613785687394,0.027419872278992896,1
2024-06-04,NVDA,-0.009843374556855104,0.01083332502142964,0.05741517080812075,1
2024-06-05,AAPL,0.011680299704626383,-0.007706318958951575,-0.04259192775537324,0
2024-06-05,AMZN,0.024861769240909565,0.012003128415818187,0.07366473249342298,1
2024-06-05,MSFT,-0.012132254728148979,0.01518286127591284,0.04261900319466383,1
2024-06-05,NVDA,-0.02264863322251926,-0.03282944501325702,0.031035339157848618,1
2024-06-06,AAPL,0.03911931608450101,-0.0028325855528419375,-0.021785957593015937,0
2024-06-06,AMZN,0.017271398493486002,0.024316784911236677,0.05985659926949083,1
2024-06-06,MSFT,-0.007298386488020246,-0.005295340187913444,0.037510970317150116,1
2024-06-06,NVDA,0.004259966888647214,0.03671033259313172,0.046272589212641435,1
2024-06-07,AAPL,0.028780329649285858,-0.01612592573845084,-0.02564026720701784,0
2024-06-07,AMZN,0.030662401973940087,0.015042930301834456,0.07751011839046873,1
2024-06-07,MSFT,0.0039071291791948366,0.0036320192650256544,0.05094509262869229,1
2024-06-07,NVDA,-0.016416296017146555,0.004966756087687374,0.015814283991168354,1
2024-06-10,AAPL,0.03324678449454503,-0.010968909352945033,-0.0024220564041010917,0
2024-06-10,AMZN,0.02124768563900583,0.021716129617045388,0.09838113504530033,1
2024-06-10,MSFT,-0.0074635139918774775,0.028629714942046247,0.038834451760592525,1
2024-06-10,NVDA,-0.023068787008017868,0.038134912910605,0.017337753177463444,1
2024-06-11,AAPL,0.044579447162319256,-0.005649903730311379,0.002937344413403542,1
2024-06-11,AMZN,0.009134724422809928,-0.0012934847252977777,0.09083968631021078,1
2024-06-11,MSFT,-0.016457392000483285,0.00012350050521292566,0.025284450521867008,1
2024-06-11,NVDA,-0.04594961466741156,-0.014384407499063001,-0.014096125750564958,0
2024-06-12,AAPL,0.035122759650048255,0.013857769874801917,0.011643652505715307,1
2024-06-12,AMZN,0.023794471209336313,-0.001011990361297177,0.11704209689140788,1
2024-06-12,MSFT,-0.010718364207819565,0.010209244435823939,0.013308563551940766,1
2024-06-12,NVDA,-0.032323529285415216,-0.018536026512196657,0.003748499836259356,1
2024-06-13,AAPL,0.023449463609068848,-0.006761574287062366,-0.0034855041115507968,0
2024-06-13,AMZN,0.023001589685038862,0.04137833452165807,0.13789192584407872,1
2024-06-13,MSFT,0.010121893062589333,0.007584508262933998,0.02233744417425343,1
2024-06-13,NVDA,-0.028308412425353195,0.006530396635773927,0.012136528638146071,1
2024-06-14,AAPL,0.038481349907197794,0.0073190041892752244,0.013233363323075453,1
2024-06-14,AMZN,0.01725123925376902,0.034703978065677266,0.06696985117191767,1
2024-06-14,MSFT,0.00545673771185531,-0.007933406021506162,0.0066031185829000805,1
2024-06-14,NVDA,-0.02408983372390235,0.006473956675707271,-0.019219644430049088,0
2024-06-17,AAPL,0.011802522172247813,-0.005655425760229926,0.00022131678187364834,1
2024-06-17,AMZN,0.023076853810697243,0.014701060286850254,0.03068569056826842,1
2024-06-17,MSFT,0.007362167571454341,0.015212818835036224,0.008158004969434529,1
2024-06-17,NVDA,-0.01968116864888513,0.00605843972215836,-0.02054234537108568,0
2024-06-18,AAPL,0.021075259652834973,0.0029818600961788455,-0.011093053464788505,0
2024-06-18,AMZN,0.03285230617093942,0.02269584981373063,0.0469443077929097,1
2024-06-18,MSFT,0.00744320245516684,-0.011558492713275026,-0.021703206793309393,0
2024-06-18,NVDA,-0.020242912207964217,0.003455000256693097,-0.04716211437602469,0
2024-06-19,AAPL,0.021459768369011707,-0.0013044989241727256,-0.028665036615365236,0
2024-06-19,AMZN,0.024837993936435546,0.01763433387724289,0.038887460570882215,1
2024-06-19,MSFT,0.008004537600438719,0.019210509203187343,-0.022723840195156608,0
2024-06-19,NVDA,-0.01835354964429845,-0.010334222894086253,-0.072143926874217,0
2024-06-20,AAPL,0.010440966983783134,0.009902329388183695,-0.032828265974296444,0
2024-06-20,AMZN,0.024551060641110928,-0.023528279476968783,0.01990342843972126,1
2024-06-20,MSFT,-0.010105191581409762,-0.007922761674359347,-0.04659836699966391,0
2024-06-20,NVDA,0.0062029054081100665,-0.024652097447091292,-0.06823197983114904,0
2024-06-21,AAPL,0.009244038269282977,-0.005617089546683274,-0.05514375705323438,0
2024-06-21,AMZN,0.038972329183092604,-0.0004829255531396681,0.07680959436580714,1
2024-06-21,MSFT,0.0007530086532716205,-0.006400974010283722,-0.070895063082279,0
2024-06-21,NVDA,0.013568036662882333,0.005116604805777358,-0.03738250681333333,0
2024-06-24,AAPL,0.019606465573184895,-0.01690331907838638,-0.045270505095324376,0
2024-06-24,AMZN,0.02798444204038046,0.030707526940662033,0.0856530228240806,1
2024-06-24,MSFT,0.0017749528603520116,-0.014857353516969485,-0.06770752055643148,0
2024-06-24,NVDA,0.011765419751578196,-0.02128428729039422,-0.009079333514009913,0
2024-06-25,AAPL,0.01782638453891328,-0.014840221554368593,-0.033576242982082505,0
2024-06-25,AMZN,0.013845042579350111,0.014825608622084596,0.06967811625233811,1
2024-06-25,MSFT,0.005279859833441959,-0.012589709850154618,-0.06009972913651429,0
2024-06-25,NVDA,0.012159239053554993,-0.022853908157848157,0.029765050904771773,1
2024-06-26,AAPL,0.02453551587334468,-0.005584998018144938,0.007195002840457931,1
2024-06-26,AMZN,0.02176990427949354,-0.0009613308365100659,0.06230558115748508,1
2024-06-26,MSFT,0.0015044711189171338,-0.005688459606474683,-0.03726945770630696,0
2024-06-26,NVDA,0.009946465524422115,-0.006161679088523053,0.08015492113749545,1
2024-06-27,AAPL,0.026326155479237907,-0.013399081963299864,-0.0060764291896511224,0
2024-06-27,AMZN,0.02199352427544294,0.03095458645007576,0.07523222460887125,1
2024-06-27,MSFT,0.006150492521121606,-0.033205075355973945,-0.025748004176400663,0
2024-06-27,NVDA,0.0020395725777004508,0.0076402415809604385,0.0993152276156608,1
2024-06-28,AAPL,0.04259454665636237,0.0047736900992512155,0.009933673433137002,1
2024-06-28,AMZN,0.0014329993811442456,0.00772572877808364,0.0561338070467845,1
2024-06-28,MSFT,0.01769381419925888,-0.002992167294123327,-0.0019514239073610273,0
2024-06-28,NVDA,0.0033953512745767116,0.03466934995449744,0.09812345836636349,1
2024-07-01,AAPL,0.034563824726176334,-0.0048615938245715196,-0.00701046781861403,0
2024-07-01,AMZN,0.017036571730331736,0.01554111916625378,0.07596973267044294,1
2024-07-01,MSFT,0.02774807201892665,-0.006818288589854338,-0.005093372833967713,0
2024-07-01,NVDA,-0.012669213012370183,0.01708165931561645,0.10783682142734952,1
2024-07-02,AAPL,0.038397121294686705,0.02672145489430089,-0.007312255944192603,0
2024-07-02,AMZN,0.008756290527371313,0.007831133086832143,0.09058022326157955,1
2024-07-02,MSFT,0.038675210576776496,0.01139458469248944,-0.0012785834039229504,0
2024-07-02,NVDA,-0.012556346294196573,0.024961139287272616,0.06531800497157603,1
2024-07-03,AAPL,0.02866796762192684,-0.018688032754521133,-0.03140061057010468,0
2024-07-03,AMZN,0.019063028341180826,0.01119545050728421,0.07271993482754424,1
2024-07-03,MSFT,0.01948366899201207,0.0062109387231970015,0.008499754410999927,1
2024-07-03,NVDA,-0.020515731664026853,0.0114675021018531,0.03239746813051414,1
2024-07-04,AAPL,0.047282380823991776,0.0024930675031085148,-0.03764166104024569,0
2024-07-04,AMZN,0.01845028511879198,0.012642634176943002,0.06874428582307779,1
2024-07-04,MSFT,0.018252961316753726,-0.009590637688291492,-0.008930049102693904,0
2024-07-04,NVDA,-0.01050008455934102,0.006547857318372374,0.015187608807137876,1
2024-07-05,AAPL,0.04361416843947146,-0.012083879639175565,-0.03729021837607405,0
2024-07-05,AMZN,0.0086935744132482,0.026652471271995104,0.08290927186952901,1
2024-07-05,MSFT,0.02476537071031346,-0.006130839864603166,-0.009098244447678261,0
2024-07-05,NVDA,-0.02439238518573929,0.04382143478395162,0.024318371351455204,1
2024-07-08,AAPL,0.05273377710558632,-0.005164035033222714,-0.004652957587755191,0
2024-07-08,AMZN,0.009837033715704501,0.029331055366099923,0.05235080137241188,1
2024-07-08,MSFT,0.02674733568089413,-0.003010113037145934,-0.01834990585739593,0
2024-07-08,NVDA,-0.032704174194727986,-0.021953970802957024,-0.03459758327215412,0
2024-07-09,AAPL,0.055276378002360176,0.0018072453096442676,-0.004215313349610228,0
2024-07-09,AMZN,0.02850870280458541,-0.008673984414655944,-0.0037435091881151683,0
2024-07-09,MSFT,0.026160223937735653,0.021297003674364934,-0.03534451708227393,0
2024-07-09,NVDA,-0.022481496993117852,-0.0067122866654445446,0.00025662927328662377,1
2024-07-10,AAPL,0.05062868167984571,-0.02501099514884708,-0.0029176858682407047,0
2024-07-10,AMZN,0.037509246473703,0.007447819783169329,-0.012818805289373292,0
2024-07-10,MSFT,0.0061292589117509936,-0.011179307410791983,-0.051135806006398,0
2024-07-10,NVDA,-0.03541027906255255,-0.0053934588736334055,0.017283214740201558,1
2024-07-11,AAPL,0.04279979423988587,0.0028591669280251253,0.03451350541676734,1
2024-07-11,AMZN,0.03730106187533691,0.026064056844116612,-0.03613446211864557,0
2024-07-11,MSFT,0.017487270532506993,-0.009758720924211484,-0.037418636395862515,0
2024-07-11,NVDA,-0.039613005337676414,0.015600912531944733,0.0373408059956537,1
2024-07-12,AAPL,0.04628017884755825,0.021407912666925544,0.02996281263499756,1
2024-07-12,AMZN,0.025505329415423703,-0.0023184961664824977,-0.06889873368714194,0
2024-07-12,MSFT,0.0019358228913858863,-0.015410206768144308,-0.010050520069938118,0
2024-07-12,NVDA,-0.0470421400553287,-0.016216282010821703,0.03560815526139627,1
2024-07-15,AAPL,0.034486753350083194,-0.004726615510769583,0.002202575306093024,1
2024-07-15,AMZN,0.036033598734207375,-0.025536214952885716,-0.08027504372731342,0
2024-07-15,MSFT,0.02133911138405537,-0.02027029120568946,0.020485543121579797,1
2024-07-15,NVDA,-0.035658999311963376,0.013356717869648538,0.08088427846931712,1
2024-07-16,AAPL,0.03540840021403398,0.0031127209109227394,-0.017686844620776854,0
2024-07-16,AMZN,0.03840947710100232,-0.017704366858624532,-0.03624731606485487,0
2024-07-16,MSFT,0.03051508491853268,0.004578500179641676,0.07743877864328885,1
2024-07-16,NVDA,-0.04345137405728786,0.010195672401634548,0.0660546792496357,1
2024-07-17,AAPL,0.03250348500508445,0.011590797325169877,-0.013559346999755695,0
2024-07-17,AMZN,0.0523550083676977,-0.016346502642460292,-0.023991600965572957,0
2024-07-17,MSFT,0.016434083376950133,0.003115489716672082,0.07170887500302392,1
2024-07-17,NVDA,-0.05025709229838004,0.014217020462749641,0.06515811784857695,1
2024-07-18,AAPL,0.02466005632059742,-0.0015522824616398534,-0.02583161032783643,0
2024-07-18,AMZN,0.06370208777339327,-0.008814502543958436,0.017887629043043196,1
2024-07-18,MSFT,0.005147575966710465,0.01839582220449154,0.06477807100397759,1
2024-07-18,NVDA,-0.049279261332598905,0.013904573530682418,0.03745957795446575,1
2024-07-19,AAPL,0.02959651068543141,-0.0061217473532401145,-0.03488415621380825,0
2024-07-19,AMZN,0.04865108664177069,-0.01450829175542001,0.004296444459325199,1
2024-07-19,MSFT,-0.002659240047090985,0.014960531086049444,0.02696161935955743,1
2024-07-19,NVDA,-0.052242824935894244,0.026794110094850776,0.006878251643578359,1
2024-07-22,AAPL,0.024911992635246655,-0.024478520738210552,-0.027343230185100098,0
2024-07-22,AMZN,0.04848181683381122,0.02111188984450396,0.012219406007085043,1
2024-07-22,MSFT,-0.005104280662511099,0.034408363703907874,0.022015774789866605,1
2024-07-22,NVDA,-0.051970545578732756,-0.0005464115327514785,0.010762867295113221,1
2024-07-23,AAPL,0.03284237641341666,0.00732761444716723,-0.009070014073478738,0
2024-07-23,AMZN,0.02879950489401018,-0.00521284738093708,-0.006331096481225651,0
2024-07-23,MSFT,-0.029190598751597,-0.0007639268048031944,-0.010072160343264636,0
2024-07-23,NVDA,-0.0311132196102071,0.009346088918703144,-0.002261537476556774,0
2024-07-24,AAPL,0.0269375796582702,-0.0009943578053278612,-0.021735291445550864,0
2024-07-24,AMZN,0.04050529315975821,0.025860768427512282,0.015517658454379468,1
2024-07-24,MSFT,-0.01740164692591982,-0.0033717168464105773,2.8719682455102813e-05,1
2024-07-24,NVDA,-0.040358258317019925,-0.01215683909090537,-0.0003744076596802204,0
2024-07-25,AAPL,0.02283618302861412,-0.010830446148311745,-0.013962534071343957,0
2024-07-25,AMZN,0.02138124593669325,-0.02204915111247918,0.013134501491915085,1
2024-07-25,MSFT,-0.007459477130376785,-0.017773326479198714,-0.012196616809358796,0
2024-07-25,NVDA,-0.04236907358850737,-0.015982418955692745,0.021400359989492967,1
2024-07-26,AAPL,0.036623680774271,0.0016439135599086718,-0.017488874227588602,0
2024-07-26,AMZN,0.03918765060330042,-0.00673368202426472,0.025200817586756852,1
2024-07-26,MSFT,-0.014740537051417688,0.010072483727227022,0.010913140162125856,1
2024-07-26,NVDA,-0.03278429664205478,0.03075556269795099,0.05923905539004615,1
2024-07-29,AAPL,0.04386564263939053,-0.006151485585335736,-0.007487534724072709,0
2024-07-29,AMZN,0.028346969134014233,0.002398418692903137,0.053189668240188004,1
2024-07-29,MSFT,-0.021046677287820344,0.0019313420233728618,0.003982631561921579,1
2024-07-29,NVDA,-0.0525790934142344,-0.013425088132269614,-0.0006405170889886014,0
2024-07-30,AAPL,0.04366595379356742,-0.005547244344791147,-0.016334885744828997,0
2024-07-30,AMZN,0.03375197316520354,0.016660495574342127,0.016230237463127573,1
2024-07-30,MSFT,-0.02326503179698453,0.009431931204620714,0.004270827155661516,1
2024-07-30,NVDA,-0.032151100876856256,0.01125517348494176,0.028720519473501405,1
2024-07-31,AAPL,0.04352177242027928,0.006943195705845007,-0.017786714250376368,0
2024-07-31,AMZN,0.018177007290366653,0.02345333886442802,0.0174640711828431,1
2024-07-31,MSFT,-0.01368506019403749,-0.01555548305132548,-0.014318223075645675,0
2024-07-31,NVDA,-0.03731961686814439,0.009361272757612893,0.01656263098192068,1
2024-08-01,AAPL,0.04019517923317246,-0.014367987509173452,-0.0034576022083236957,0
2024-08-01,AMZN,0.028232943337222663,-0.01040186829808587,-0.03186187340249047,0
2024-08-01,MSFT,-0.00496207248633539,0.005205962822946386,0.018342765451094367,1
2024-08-01,NVDA,-0.03895469929908585,0.020471397761492982,-0.0027953019198135864,0
2024-08-02,AAPL,0.05179338215508726,0.011840012696463065,0.02394162215034301,1
2024-08-02,AMZN,0.025154821614554047,0.020383329741631373,-0.012601215798030307,0
2024-08-02,MSFT,-0.009942764712829533,0.0031477384081797233,0.04285110950970017,1
2024-08-02,NVDA,-0.04842438766220928,-0.02751381673123965,-0.026675540105036033,0
2024-08-05,AAPL,0.044082755087812224,-0.015010746275869402,0.013300364455605562,1
2024-08-05,AMZN,0.02023546868161085,-0.032778602202697016,-0.00991642881110788,0
2024-08-05,MSFT,-0.014506167774381618,0.0022189487895896143,0.023820074477928,1
2024-08-05,NVDA,-0.014746784074863127,0.015560339588501115,0.018954116675193422,1
2024-08-06,AAPL,0.05721161891510582,-0.007014994737844171,0.01840879728960898,1
2024-08-06,AMZN,0.025120291152099843,0.01789485168253413,0.04228616817771513,1
2024-08-06,MSFT,-0.01193213631718212,-0.009252651048349492,0.03218769736865279,1
2024-08-06,NVDA,-0.02728234679658935,-0.0006963015785248494,0.016186906524053635,1
2024-08-07,AAPL,0.05863456086094015,0.0216330823939892,0.019904633836120844,1
2024-08-07,AMZN,0.014499509120990926,-0.02616296121761108,-0.008755091705090812,0
2024-08-07,MSFT,-0.007248714611959178,0.01706450833534734,0.0009568058597666518,1
2024-08-07,NVDA,-0.013647326466883915,-0.009859528003849372,0.014980236295718985,1
2024-08-08,AAPL,0.035665006609282304,0.012731263566509998,-0.0006370499856911405,0
2024-08-08,AMZN,0.006446646065339192,0.00928572612370493,0.009124385421865,1
2024-08-08,MSFT,-0.02216916389559032,0.02939814488820036,-0.006313642045356449,0
2024-08-08,NVDA,0.009479064680923186,-0.003966012217287096,0.005719060539633336,1
2024-08-09,AAPL,0.020819383910559354,0.001324520320699074,-0.012546033810676427,0
2024-08-09,AMZN,0.017743922436666705,0.023157803367884533,0.01459426466103153,1
2024-08-09,MSFT,-0.007075901349039472,-0.015158748086009144,-0.05938383907420641,0
2024-08-09,NVDA,0.005157049256714325,0.018076541463249107,-0.008165074855415178,0
2024-08-12,AAPL,0.01635581896517513,-0.010045040527240423,-0.014591126513500807,0
2024-08-12,AMZN,0.007777767868892433,0.018218576517831098,0.005687071383124742,1
2024-08-12,MSFT,-0.00465363588021199,0.010410026915974369,-0.05164355884379801,0
2024-08-12,NVDA,-0.008063423674600369,0.012802346039219481,-0.012937760542672816,0
2024-08-13,AAPL,0.016820245542290075,-0.005556500599770975,-0.004680959239395599,0
2024-08-13,AMZN,-0.002317190201920071,-0.03195195358490355,-0.0065335846125059716,0
2024-08-13,MSFT,-0.023900791948898586,-0.03922968240292313,-0.07826122106259015,0
2024-08-13,NVDA,-0.004139576297129048,-0.0018829238565805095,-0.046079450396681376,0
2024-08-14,AAPL,0.01294203951127287,0.0010565862548290728,-0.0012273262896584924,0
2024-08-14,AMZN,0.016096254475697798,-0.008597476729783837,-0.01764606085321785,0
2024-08-14,MSFT,-0.013295922181015475,0.009677062163131689,-0.043258533910694896,0
2024-08-14,NVDA,-0.0011412147437078965,-0.018894053609821992,-0.04592101728429332,0
2024-08-15,AAPL,0.020702759567972656,0.0006629752267255373,-0.01773669443026138,0
2024-08-15,AMZN,0.018906377361138618,0.014756479897436448,0.015216628408910582,1
2024-08-15,MSFT,-0.022353342912559575,-0.025579325551061682,-0.040976310316957365,0
2024-08-15,NVDA,0.007898955731420264,-0.017716443413276606,0.018096017271234777,1
2024-08-16,AAPL,0.020031318554495043,-0.0007492993608094745,-0.023704769792663227,0
2024-08-16,AMZN,0.010877019720635685,0.01417543019091716,0.028692483257200196,1
2024-08-16,MSFT,-0.021939948447060067,-0.007054541940138104,-0.04080388255618517,0
2024-08-16,NVDA,0.015566890021920764,0.013177581752523038,0.04489042723666126,1
2024-08-19,AAPL,0.017004605062090502,-8.915368050044226e-05,-0.012846572719551475,0
2024-08-19,AMZN,0.005751975625929315,0.005845643320159688,0.017956779388207833,1
2024-08-19,MSFT,-0.01620337685382965,-0.01794930258479943,-0.03857901456233337,0
2024-08-19,NVDA,0.005836944837133176,-0.02120359593086163,0.04469894118461459,1
2024-08-20,AAPL,0.03179800368476129,-0.0021059056693695233,-0.027263770175170565,0
2024-08-20,AMZN,-0.0013805361620455394,-0.04278011118443292,0.016993164417561157,1
2024-08-20,MSFT,-0.009408958216737685,-0.0027447870940310315,-0.027755257247487397,0
2024-08-20,NVDA,0.012978664201225246,-0.0017171503076546246,0.04855473271323829,1
2024-08-21,AAPL,0.0379030937437726,-0.015490534173146608,-0.026998161773402862,0
2024-08-21,AMZN,0.014432432658576962,0.024567914844068284,0.07352083687827315,1
2024-08-21,MSFT,0.002213687581826657,0.012085559019386016,-0.002989991801723546,0
2024-08-21,NVDA,0.006416068409354636,0.04693644303723543,0.028968937281408147,1
2024-08-22,AAPL,0.039098747094521026,-0.005416893597300687,-0.0203156339815892,0
2024-08-22,AMZN,-0.006975479073563981,0.028226226793614195,0.07916935256994928,1
2024-08-22,MSFT,-0.006882484483091191,-0.025404129487864413,-0.008655254167987625,0
2024-08-22,NVDA,-0.00886245256451052,0.00813544861948623,-0.003485892546817748,0
2024-08-23,AAPL,0.03915413856633415,0.010364204728195547,-0.01352605142400698,0
2024-08-23,AMZN,-0.014218057211488193,0.003591230085495445,0.05514426652287452,1
2024-08-23,MSFT,-0.0030690676429099206,-0.004751391907415692,0.000828760914339588,1
2024-08-23,NVDA,-0.0014027799707185854,0.01299190737931144,-0.015975516358866848,0
2024-08-26,AAPL,0.030915937459776586,-0.014692670936291452,-0.02756708841400235,0
2024-08-26,AMZN,-0.012914315960381626,0.004893492954163303,0.047681065926741706,1
2024-08-26,MSFT,0.006948384220325835,-0.0068932942588958435,-0.0007367164626361777,0
2024-08-26,NVDA,0.0006530900585021411,-0.017591038538224302,-0.008732817264425985,0
2024-08-27,AAPL,0.04432875277187655,-0.0018334278409490867,0.0033544297524341626,1
2024-08-27,AMZN,-0.004774297683024556,0.010425174987607644,0.05089066470929282,1
2024-08-27,MSFT,0.0044468367646777205,0.022657551410641963,0.028638038095329943,1
2024-08-27,NVDA,0.011817144880324728,-0.020363924831846902,0.011768401993574207,1
2024-08-28,AAPL,0.038637897645531306,-0.008728972572520477,0.011067134132887402,1
2024-08-28,AMZN,-0.004174856148161255,0.029958856263532008,0.040139305256443825,1
2024-08-28,MSFT,-0.009303334701082097,0.0063346335704896894,0.01623240389537628,1
2024-08-28,NVDA,0.017422878807858273,0.013914898004482756,0.09748586695989636,1
2024-08-29,AAPL,0.05065362417592325,0.0014759428564870003,0.0056094744307406685,1
2024-08-29,AMZN,-0.010710983114434308,0.00533526578203003,0.010202478971925721,1
2024-08-29,MSFT,0.009795981402611492,-0.016080347852896026,-0.002793945243449225,0
2024-08-29,NVDA,0.016601127250299504,-0.0044998291058120365,0.07407902871065519,1
2024-08-30,AAPL,0.0528654910869762,-0.004016875676851717,0.011821784741380181,1
2024-08-30,AMZN,-0.004701296754589166,-0.003507327812497185,-0.02972669176400944,0
2024-08-30,MSFT,0.02385692501537349,-0.0063081409151204415,0.009993804276620555,1
2024-08-30,NVDA,0.006597908535764761,0.020447814922489593,0.0864101240937778,1
2024-09-02,AAPL,0.04687870773330335,0.016638229233958635,0.007534490395714855,1
2024-09-02,AMZN,-0.01134068064023913,0.007972010870038737,-0.015771665189701967,0
2024-09-02,MSFT,0.021392073844378082,0.022300479005489704,0.01333897045491872,1
2024-09-02,NVDA,-0.014787627454537584,0.002726976494181743,0.050668633451737,1
2024-09-03,AAPL,0.03300591485540984,0.0058393978976212235,-0.014978728393605367,0
2024-09-03,AMZN,-0.014091980654060943,8.780629520899197e-05,-9.86577045299919e-05,0
2024-09-03,MSFT,0.002977915279170661,0.010324043388605597,-0.015938040198309023,0
2024-09-03,NVDA,0.003189757577222519,0.06263127524310552,0.06848189402586669,1
2024-09-04,AAPL,0.026961913694575065,-0.014079774470493689,-0.01706516006851644,0
2024-09-04,AMZN,-0.009970855946300585,0.0003150391283259779,0.02074320085370185,1
2024-09-04,MSFT,-0.006474570219702966,-0.012506405167707624,-0.0487805645519066,0
2024-09-04,NVDA,-0.039889018005841104,-0.007709564533542657,0.015081996285774002,1
2024-09-05,AAPL,0.05069343732670881,0.0076627176272663355,-0.008158373126768148,0
2024-09-05,AMZN,-0.009032601452582646,-0.03440152393078044,0.04033817663197037,1
2024-09-05,MSFT,0.0022229600341319585,-0.0034629775516266115,-0.045570917653507514,0
2024-09-05,NVDA,-0.04474203959792011,0.006929132109404046,0.008393633758476238,1
2024-09-06,AAPL,0.028446279457575725,-0.00823705840238953,-0.005737406775596976,0
2024-09-06,AMZN,-0.004446234371183826,0.010824800674847479,0.07659466458577868,1
2024-09-06,MSFT,-0.02141560608797179,-0.003016967855854147,-0.023181247989285336,0
2024-09-06,NVDA,-0.05579762076593856,-0.013123600898185317,-0.0019485751526210349,0
2024-09-09,AAPL,0.036227365623004715,-0.006078411340144085,-0.005735855981027882,0
2024-09-09,AMZN,-0.009320373596045088,0.02402311640364929,0.06850434613113587,1
2024-09-09,MSFT,-0.020291949097264655,-0.007235444202128738,-0.025176308650366575,0
2024-09-09,NVDA,-0.049002985703342924,0.019727423969537305,0.03724814445232605,1
2024-09-10,AAPL,0.03378640940789793,0.003708870121074126,-0.00619455531020463,0
2024-09-10,AMZN,-0.010406146101683906,0.020933551493196534,0.06893071415627672,1
2024-09-10,MSFT,-0.003510762521248295,-0.023394963498625687,-0.019225249161635594,0
2024-09-10,NVDA,-0.054580115476078855,0.00952377594837972,0.041128151131335056,1
2024-09-11,AAPL,0.032282107847821755,-0.005145935691349579,-0.016744142321257205,0
2024-09-11,AMZN,-0.01065231245962006,0.019517860117938213,0.0656643919206199,1
2024-09-11,MSFT,0.024324148838982776,-0.009174360388419234,0.006519028645728175,1
2024-09-11,NVDA,-0.06444638622243452,-0.014247753752791859,0.008810031251185624,1
2024-09-12,AAPL,0.03191238396167282,0.010122301361814579,-0.017543012513309586,0
2024-09-12,AMZN,-0.008546124448634779,-0.00074976501027324,0.07713608144727413,1
2024-09-12,MSFT,0.02726567155838731,0.019914489830163085,0.04816242043199637,1
2024-09-12,NVDA,-0.05713313508868835,-0.0033980566929793232,0.017338794572221206,1
2024-09-13,AAPL,0.03546701122870777,-0.008235511506635707,-0.015310604154238905,0
2024-09-13,AMZN,-0.00694380697015687,0.0032287250037343895,0.06386814548526765,1
2024-09-13,MSFT,0.02344401210683327,-0.005053212167403176,0.028101617377258803,1
2024-09-13,NVDA,-0.06107514806742988,0.02563423916626717,0.05500739985808689,1
2024-09-16,AAPL,0.0433197539887923,-0.006536952632933413,7.348228298065251e-06,1
2024-09-16,AMZN,-0.008821095487837417,0.024431734969798002,0.04646604564623824,1
2024-09-16,MSFT,0.019493694538914225,-0.0011748601372532086,0.049553955370545744,1
2024-09-16,NVDA,-0.07208044522884283,0.0235418913531924,0.0277629707285294,1
2024-09-17,AAPL,0.04555434030927436,-0.0069458451611636995,0.02595629027910773,1
2024-09-17,AMZN,-0.013968923943008308,0.017813893767763433,0.015051546876886146,1
2024-09-17,MSFT,0.033000325354621975,0.002239863811386744,0.042306762631179495,1
2024-09-17,NVDA,-0.07586685711919812,-0.021813298529443137,0.00926636454685359,1
2024-09-18,AAPL,0.04599830340273425,-0.005954229129127464,0.059491747713398935,1
2024-09-18,AMZN,-0.0323872693127279,0.030492790355658883,-0.02104376640106409,0
2024-09-18,MSFT,0.032715783099491406,0.03181973821073192,0.036487247320898364,1
2024-09-18,NVDA,-0.057828526401192785,-0.005913927421788312,0.05203487365932302,1
2024-09-19,AAPL,0.026911125105502046,0.012417572806738164,0.05408537598975549,1
2024-09-19,AMZN,-0.04781759992954105,-0.013058319478200797,-0.07450316790639422,0
2024-09-19,MSFT,-0.009532893551636178,0.0003943245253210659,0.004971424544548464,1
2024-09-19,NVDA,-0.041842268754738635,0.03350273331900877,0.03665688166354686,1
2024-09-20,AAPL,0.0417234700962277,0.0071925019090912645,0.042224063136570456,1
2024-09-20,AMZN,-0.03455782788493424,-0.013181472545637396,-0.05313381173932674,0
2024-09-20,MSFT,-0.013534342521792331,0.01570731813150772,-0.005985018162408817,0
2024-09-20,NVDA,-0.0696924839327428,-0.0008516597436094564,-0.010878005641503985,0
2024-09-23,AAPL,0.03436148723366409,0.019242172981915218,0.021734822875806525,1
2024-09-23,AMZN,-0.02938816512642116,-0.006321302466423817,-0.03246857051576624,0
2024-09-23,MSFT,-0.017669420398597365,-0.008071769309449195,-0.02388052196962054,0
2024-09-23,NVDA,-0.0621641065287617,0.005121251756313949,-0.01350642409473446,0
2024-09-24,AAPL,0.02183687576608218,0.02551413939673952,-0.005843916894874179,0
2024-09-24,AMZN,-0.030530330217133854,-0.018379648784075053,-0.02120346259193273,0
2024-09-24,MSFT,-0.017012308158778026,-0.0033559458303937806,-0.003357399822782603,0
2024-09-24,NVDA,-0.05234846453415857,0.0196381837800097,0.0037690382705335423,1
2024-09-25,AAPL,0.021177237520013437,-0.011026643293034044,-0.03703292062054142,0
2024-09-25,AMZN,-0.0249337589297306,-0.02578094889563065,0.004514231536304036,1
2024-09-25,MSFT,-0.02140515319816967,0.0004458374795430764,-0.010876975965036562,0
2024-09-25,NVDA,-0.056007725290994896,-0.020444859855659914,0.003646754868547264,1
2024-09-26,AAPL,0.02101420476556281,0.0010251354931598566,-0.03731292639208739,0
2024-09-26,AMZN,-0.01402912701652415,0.009729773960741817,0.0016603180100895898,1
2024-09-26,MSFT,-0.013797114462687025,-0.010512217524861311,-0.011049554655959137,0
2024-09-26,NVDA,-0.041033503295923916,-0.013887523598926421,0.03927452625519878,1
2024-09-27,AAPL,0.01479949162352522,-0.012608047598803962,-0.04912459516854617,0
2024-09-27,AMZN,-0.02322089897492676,0.008355723698726614,-0.017165812396481628,0
2024-09-27,MSFT,-0.008824659210994793,-0.0025787183073324726,0.009695778903645147,1
2024-09-27,NVDA,-0.023677600180745474,-0.00350672145492803,0.05351483643521204,1
2024-09-30,AAPL,0.018190750486846083,-0.008269285003683957,-0.03826964570649172,0
2024-09-30,AMZN,-0.016722012196664478,0.005248241868996306,-0.030713678957934754,0
2024-09-30,MSFT,-0.009268639560076683,0.01278373526508969,0.0009590603239117979,1
2024-09-30,NVDA,-0.012961039002700686,0.022722921733042245,0.07986669948227365,1
2024-10-01,AAPL,0.01813994810827876,-0.0066586399665056195,-0.042903830513185026,0
2024-10-01,AMZN,0.003631151029281114,0.007412240518551938,-0.03453905335373453,0
2024-10-01,MSFT,-0.000239742512880326,-0.01087553294288579,0.003869146610798513,1
2024-10-01,NVDA,-0.024365082066079662,0.01951396713140441,0.055235575855623775,1
2024-10-02,AAPL,0.019068040446837166,-0.011314211013377706,-0.027278141946309176,0
2024-10-02,AMZN,0.0014849436201074913,-0.028548791142315677,-0.06892904605043149,0
2024-10-02,MSFT,0.004646274793261424,0.0002712832241311691,0.016217248219102087,1
2024-10-02,NVDA,-0.011325637816902889,0.014327699737035626,0.04733985905315774,1
2024-10-03,AAPL,0.030276492652126626,-0.011256921326240898,-0.02578541175161786,0
2024-10-03,AMZN,0.025241942087522215,-0.009248021264037454,-0.058895771297778565,0
2024-10-03,MSFT,0.0006636115046788846,0.010244387820979695,0.013869492197068345,1
2024-10-03,NVDA,-0.04087377874615019,-0.00037564855381055917,0.05076883105651553,1
2024-10-04,AAPL,0.03808922590718907,-0.0013362346061710495,0.01648676673793603,1
2024-10-04,AMZN,0.029948996412818906,-0.005543944183663552,-0.05807525968373728,0
2024-10-04,MSFT,-0.0036608573508676865,-0.011209227838676394,-0.023970188083152433,0
2024-10-04,NVDA,-0.035422252344184106,0.021418845319614466,0.08408225003607006,1
2024-10-07,AAPL,0.029402797785979706,-0.013048029265263494,0.013058765308280096,1
2024-10-07,AMZN,0.03212074060642568,0.0012809405645330951,-0.03226290453806968,0
2024-10-07,MSFT,0.0074899345691216,0.01572819940593373,-0.017790052391641886,0
2024-10-07,NVDA,-0.05039950704514311,-0.0006047859674476186,0.06244576209936459,1
2024-10-08,AAPL,0.03632923586448886,0.009558792750629541,0.027522260023939094,1
2024-10-08,AMZN,0.03750239652682055,-0.028472069162064906,-0.028124470976456317,0
2024-10-08,MSFT,-0.009739786309207877,0.001291201599874059,-0.02769301560139803,0
2024-10-08,NVDA,-0.03873064005740102,0.011885534443185852,0.05866022314226815,1
2024-10-09,AAPL,0.025967025646062358,-0.009796982714184832,0.0036448080476947364,1
2024-10-09,AMZN,0.039668062326635285,-0.018080376414178922,0.021323203581263384,1
2024-10-09,MSFT,-0.00028175939101396006,-0.002039633002662411,-0.00465835133435355,0
2024-10-09,NVDA,-0.048522003989353454,0.017648590520064733,0.07164515229696033,1
2024-10-10,AAPL,0.023874574805075648,0.03164566338782815,0.03303438908488032,1
2024-10-10,AMZN,0.03650230909757691,-0.008384223737265994,0.03790706288864287,1
2024-10-10,MSFT,-0.002828998215410317,-0.02745999615963901,0.005608598403007203,1
2024-10-10,NVDA,-0.05786663418814193,0.03131629343918663,0.08005484738103741,1
2024-10-11,AAPL,0.0015203636075618895,-0.0047041297205382415,0.014006919286433384,1
2024-10-11,AMZN,0.03357054181742229,0.02170797074201558,0.047027914404221605,1
2024-10-11,MSFT,0.005258479287308158,-0.004948290859231874,0.05071829977146769,1
2024-10-11,NVDA,-0.07485762184493588,0.001033015255201386,0.03969616033115453,1
2024-10-14,AAPL,0.0014128584639545828,0.0010427373340335944,0.02238796417066169,1
2024-10-14,AMZN,0.00228214600599182,0.005562821117079286,0.03538299647281096,1
2024-10-14,MSFT,0.005052686452752706,0.005487294175517965,0.03849976231540775,1
2024-10-14,NVDA,-0.05857504785248621,-0.004165673168672779,0.021324650225426067,1
2024-10-15,AAPL,0.01294917207235004,-0.013901226101455277,0.0065554035553105905,1
2024-10-15,AMZN,0.0012150977175449725,0.020957920083651826,0.026330460409251577,1
2024-10-15,MSFT,-0.009689745049483825,0.02501252319118663,0.03127853304972583,1
2024-10-15,NVDA,-0.05044403072518453,0.02429675164978229,0.04915850717106229,1
2024-10-16,AAPL,0.01400170658535942,0.019198984371418204,0.023368972656505616,1
2024-10-16,AMZN,0.0012443582430208494,-0.0021363375128766737,-0.006912053638246651,0
2024-10-16,MSFT,-0.021586785254238027,0.008254328815950895,0.02373217711816933,1
2024-10-16,NVDA,-0.0698702184779932,0.0256345496135868,-0.0019353501909923354,0
2024-10-17,AAPL,-0.0065806302281377965,0.012643772540612774,-0.007970715850381782,0
2024-10-17,AMZN,0.017791759356218264,0.00032983225019966866,-0.03370212999827915,0
2024-10-17,MSFT,-0.011172658690159494,0.016166310548349605,0.00308096520930512,1
2024-10-17,NVDA,-0.06963926854051893,-0.007221167540027329,-0.05260232589384384,0
2024-10-18,AAPL,-0.006213451154330494,0.0035222632194322756,-0.004222312279585583,0
2024-10-18,AMZN,0.004919121116865635,0.01034465816411867,-0.04520751912034782,0
2024-10-18,MSFT,-0.019951265218400762,-0.016519495606971968,0.000822656519187781,1
2024-10-18,NVDA,-0.04933153268517422,-0.016655314141024502,-0.048161588203114336,0
2024-10-21,AAPL,-0.012503862221437807,-0.014459274008846723,0.001404801871809136,1
2024-10-21,AMZN,-0.01140869168406713,-0.0032289918964120146,-0.03874834153122053,0
2024-10-21,MSFT,-0.013338645459321669,-0.0015043822200384582,0.028412377946557044,1
2024-10-21,NVDA,-0.03388200463528123,0.02297350357445116,-0.03007152323379192,0
2024-10-22,AAPL,-0.003833356978450867,0.0025706340832738483,0.0174184355712248,1
2024-10-22,AMZN,-0.0008018402771931278,-0.012110579107877384,-0.010703637641047203,0
2024-10-22,MSFT,-0.016129972723995516,0.017512018636486992,0.03421002919831673,1
2024-10-22,NVDA,-0.06344644885830167,-0.02558634205578747,-0.06851549007058266,0
2024-10-23,AAPL,0.004543212660507198,-0.012013002263100758,-0.01177907153991209,0
2024-10-23,AMZN,0.0016863186326458537,-0.029055246168317783,-0.013636135975483521,0
2024-10-23,MSFT,-0.023610671874528668,-0.012084656582575182,0.01201722506012648,1
2024-10-23,NVDA,-0.024845551169337364,-0.026432018233717436,-0.040165743729210335,0
2024-10-24,AAPL,0.020780538060165697,0.016470068390527892,-0.01027764896606298,0
2024-10-24,AMZN,-0.0011369941272387993,-0.011580764189831672,-0.018436924761146223,0
2024-10-24,MSFT,-0.01661456042384536,0.013878541874325245,0.010621743491729063,1
2024-10-24,NVDA,0.01506601088394736,-0.0025677147183039706,-0.009343122596502829,0
2024-10-25,AAPL,0.00795424782237314,0.009193141768166324,-0.018674788479553173,0
2024-10-25,AMZN,0.0016782561763422441,0.01717964660820015,0.011952423852411131,1
2024-10-25,MSFT,-0.019783919128687696,0.010592153963215445,0.022149663033334654,1
2024-10-25,NVDA,0.002818474268141603,0.0020335400110631507,-0.014585210736542176,0
2024-10-28,AAPL,0.01579568191747384,0.0013006745677717202,-0.014307447201809542,0
2024-10-28,AMZN,-0.010761854676924983,0.025851995920143755,-0.0034502481903988524,0
2024-10-28,MSFT,-0.01709040027109317,0.004124613980743819,0.020698857940069315,1
2024-10-28,NVDA,-0.0074780800522793334,-0.017572949476861055,0.018300229203029872,1
2024-10-29,AAPL,0.012089031825380762,-0.02620077617884542,-0.0032544398707808897,0
2024-10-29,AMZN,-0.02356673102620234,-0.015038906949360165,-0.054092630978060274,0
2024-10-29,MSFT,-0.01407428567273798,-0.004322467880104153,0.021640881632405407,1
2024-10-29,NVDA,0.014139052208904542,0.00406995360969864,0.04441813598951905,1
2024-10-30,AAPL,0.0014781012892568137,-0.010511935104582926,0.006046448610876887,1
2024-10-30,AMZN,-0.01084183075893019,-0.033780987708234234,-0.09729844457919568,0
2024-10-30,MSFT,-0.016076122232860184,-0.013446903804003929,0.020438036309383456,1
2024-10-30,NVDA,0.005842571857718545,0.0048316263516565705,0.060640045643371554,1
2024-10-31,AAPL,0.030698178749277254,0.007845992187090145,0.020367537559488946,1
2024-10-31,AMZN,-0.019789967318842073,0.019020852243296416,-0.08328325425156369,0
2024-10-31,MSFT,-0.008785823948300936,0.0254436109330074,0.03517481667083677,1
2024-10-31,NVDA,0.004613043810251372,-0.007845655115661043,0.030028972236135765,1
2024-11-01,AAPL,0.034783787968728386,0.013684507946796431,0.02405290289575568,1
2024-11-01,AMZN,-0.021516436757303192,0.00169741232915821,-0.10840909792519027,0
2024-11-01,MSFT,-0.01821039145250232,0.00915775321231882,0.012093592313855428,1
2024-11-01,NVDA,0.011466613023561693,0.03547358389562949,0.012934145340513181,1
2024-11-04,AAPL,0.027021036683595498,0.012528702683783477,-0.007784764104531217,0
2024-11-04,AMZN,-0.01471121635987441,-0.026279460002189503,-0.12991717724563834,0
2024-11-04,MSFT,-0.014873259043608306,0.005051340966935047,0.008811831056021013,1
2024-11-04,NVDA,-0.003673254159654885,0.007624862911112862,-0.01380050084637563,0
2024-11-05,AAPL,0.011705259269157447,-0.017114005846895264,-0.01990232229706501,0
2024-11-05,AMZN,0.005889811231211587,-0.06002856109987087,-0.09370263516978139,0
2024-11-05,MSFT,-0.008196650277558075,-0.005494744836009535,0.014387895280704166,1
2024-11-05,NVDA,0.008749415160075795,0.019665175018002357,0.010383566027021507,1
2024-11-06,AAPL,0.015457956892924334,0.003573444959651617,0.00042145703520701794,1
2024-11-06,AMZN,0.021805238530788917,-0.018779636182775672,-0.051072972783167137,0
2024-11-06,MSFT,0.0006058513484025852,0.0008005230619467785,0.00915229530697359,1
2024-11-06,NVDA,-0.014298757093666433,-0.024168763368217494,-0.02568750959810362,0
2024-11-07,AAPL,0.021033709976812788,0.011486132182904951,-0.0061849117626330274,0
2024-11-07,AMZN,0.01967564471830003,-0.00890899495582631,-0.0323715770704861,0
2024-11-07,MSFT,7.64684990793176e-05,0.0025793626261398916,-0.011880753297517477,0
2024-11-07,NVDA,0.007420460540961458,-0.024311897558062068,0.0011705135543929046,1
2024-11-08,AAPL,0.027292959166196087,-0.017830807049234454,-0.0370449692856234,0
2024-11-08,AMZN,0.025293983512187514,-0.022466794987590966,0.024107577351486276,1
2024-11-08,MSFT,0.00014048717786506814,0.005885511551383393,-0.012992857832350158,0
2024-11-08,NVDA,0.012484224301757604,0.008144048181327523,0.005088405877311963,1
2024-11-11,AAPL,0.028117475168997805,0.00016306362432216837,-0.02282502942881548,0
2024-11-11,AMZN,0.037513040033894655,0.014248685760127389,0.05043443001521131,1
2024-11-11,MSFT,-0.002071709809940579,0.010606619616342572,-0.042220127544877695,0
2024-11-11,NVDA,-0.003125335519874702,0.03233433304251476,-0.014850768158778838,0
2024-11-12,AAPL,0.035799157051871956,0.0032675933634676024,-0.026252221713032875,0
2024-11-12,AMZN,0.013951108359281395,-0.015814965597605313,0.03360772359199782,1
2024-11-12,MSFT,0.00536844453417213,-0.010627723760575858,-0.05630223058195449,0
2024-11-12,NVDA,-0.014677495052368617,-0.01673725756015898,-0.042291505856890566,0
2024-11-13,AAPL,0.02937273752079263,-0.0030537382604789443,-0.030760975536115787,0
2024-11-13,AMZN,0.017172816404298036,0.0005581946290489359,0.04859180783936212,1
2024-11-13,MSFT,0.0024089721929308025,-0.020058455451855473,-0.052684780340298665,0
2024-11-13,NVDA,0.011157950274899004,0.002731125737766238,-0.03383177654090097,0
2024-11-14,AAPL,0.03773245408143025,-0.01992264857754178,-0.03355781541117897,0
2024-11-14,AMZN,0.00512675052481463,0.04893963845931171,0.062452993272409385,1
2024-11-14,MSFT,0.006314528492911234,0.0014509835773288682,-0.026353081432652137,0
2024-11-14,NVDA,0.004465771885234476,-0.02049372585367437,-0.05733906875819017,0
2024-11-15,AAPL,0.03899111763840457,-0.003327131999519617,-0.018460630748170392,0
2024-11-15,AMZN,-0.014769096876720246,0.002662764866674161,0.024302910881846662,1
2024-11-15,MSFT,0.00012005416273150389,-0.023900784707293954,-0.00013011262100914855,0
2024-11-15,NVDA,0.005679055355980239,-0.011855744386760847,-0.05882538133650639,0
2024-11-18,AAPL,0.04342989698955013,-0.0033447535403038353,-0.015367934005661166,0
2024-11-18,AMZN,-0.012599211407031359,-0.0019983682089322885,0.0015932466062766881,1
2024-11-18,MSFT,-4.130765170112341e-05,-0.004252187669833818,-0.0028891654037812575,0
2024-11-18,NVDA,0.01802492772889958,0.003579282808318096,-0.07731939365381535,0
2024-11-19,AAPL,0.04838045625444095,-0.0013778463469166224,-0.00699530243312485,0
2024-11-19,AMZN,-0.01042496725497937,-0.0015473560065786263,-0.0043113913406302995,0
2024-11-19,MSFT,-0.009257460716782337,-0.006835190710532624,0.03404314058933666,1
2024-11-19,NVDA,0.010145613202586412,-0.008051799825985806,-0.07286223509967293,0
2024-11-20,AAPL,0.05116952484991723,-0.0059305302465122445,-0.008701701331657818,0
2024-11-20,AMZN,-0.005250758577878952,0.013784430585331409,-0.015684434500338074,0
2024-11-20,MSFT,-0.009827522067745129,0.0071801290896291725,0.03804807909996022,1
2024-11-20,NVDA,0.01620087427223632,-0.021665757761152538,-0.055519126552510234,0
2024-11-21,AAPL,0.04687918088504399,-0.004612463452755899,-0.007022957699300059,0
2024-11-21,AMZN,-0.007424175604702346,0.011274787512170148,-0.034241898779476254,0
2024-11-21,MSFT,-0.01981338549149427,0.028422791743043074,0.03595835951313031,1
2024-11-21,NVDA,0.01754608343945265,-0.02203813323023307,-0.02454624638722991,0
2024-11-22,AAPL,0.03432926783114755,-0.00018675166555304212,-0.0011580355924957209,0
2024-11-22,AMZN,-0.0019549902808788525,-0.01956711901809738,-0.009168876891389455,0
2024-11-22,MSFT,-0.01661929735154727,-0.02659424441661129,-0.012162490860937458,0
2024-11-22,NVDA,0.010777040920460225,-0.03127270662968662,-0.01757759528441727,0
2024-11-25,AAPL,0.0279166124806037,0.0051301148614433245,-0.02161498711785137,0
2024-11-25,AMZN,0.0065476608509400964,-0.007881832705239122,0.023480291777842277,1
2024-11-25,MSFT,-0.013509627877004165,0.032629632907161366,0.0293663425540156,1
2024-11-25,NVDA,0.004876371621559806,0.008427235560725554,0.031928512559472155,1
2024-11-26,AAPL,0.026906434182892063,-0.003093898393014327,-0.021242752614140215,0
2024-11-26,AMZN,-0.008294294291902857,-0.012951970777004607,0.03028625034998833,1
2024-11-26,MSFT,-0.012373657996513111,-0.002988577512313073,-0.0023118868554450334,0
2024-11-26,NVDA,0.010497445321541532,0.010503657582903392,0.03597468330805942,1
2024-11-27,AAPL,0.026699132887943566,-0.004247093691933657,-0.01796578261284354,0
2024-11-27,AMZN,-0.013631068597096188,-0.00532861508491933,0.0704444104464712,1
2024-11-27,MSFT,-0.004982471771017317,0.005152550516342558,8.794894642250028e-05,1
2024-11-27,NVDA,-0.005344885828995735,0.010417294525388865,0.025630796024057823,1
2024-11-28,AAPL,0.02533264308688643,0.001266696003345169,-0.01309980048448689,0
2024-11-28,AMZN,-0.010302283900989143,0.037529514084091886,0.08057811256302183,1
2024-11-28,MSFT,-0.010270497922532032,-0.019348027255904232,-0.03140118078748788,0
2024-11-28,NVDA,0.02708279851238723,-0.015051564142633533,0.012647650479984618,1
2024-11-29,AAPL,0.016619208163040248,-0.020663595735394003,-0.0036275810498453964,0
2024-11-29,AMZN,-0.024319862860695693,0.012739414106952562,0.008236494833907093,1
2024-11-29,MSFT,-0.002807815192770147,0.014327875967347747,-0.011002981949081447,0
2024-11-29,NVDA,0.032760164247628815,0.017543278863634715,0.017134502592380363,1
2024-12-02,AAPL,0.02884313415770648,0.005512524755855397,-0.003977142459759331,0
2024-12-02,AMZN,-0.02103091430468785,-0.0012844265807376853,0.029561623672520687,1
2024-12-02,MSFT,-0.01096261477440702,0.0008509773848943691,-0.013092110813113345,0
2024-12-02,NVDA,0.024819380650418013,0.0123812582792997,0.003159923895388994,1
2024-12-03,AAPL,0.015204823508592317,0.00024383565472940738,-0.030470746827213513,0
2024-12-03,AMZN,-0.028071719531441514,0.02552086409484766,0.027984795887970648,1
2024-12-03,MSFT,-0.009005071767528943,-0.0005903694199911325,-0.016922266692958265,0
2024-12-03,NVDA,0.033083602074333106,0.0004140906248268905,0.018807593193574057,1
2024-12-04,AAPL,-0.004454331735127925,0.0006868645760846892,-0.027540252337259763,0
2024-12-04,AMZN,-0.029308412013950496,0.004087757610587772,-0.04152404373276297,0
2024-12-04,MSFT,-0.01782358846934665,-0.026496045088598152,0.00023227723308805182,1
2024-12-04,NVDA,0.03440701392292766,-0.0023732679712974436,0.03857800506908604,1
2024-12-05,AAPL,0.0012017741467921623,0.010876804362628167,-0.02804085677404733,0
2024-12-05,AMZN,-0.013862663672795723,-0.03193012295456632,-0.07519534840339637,0
2024-12-05,MSFT,-0.016236158816536523,0.0013040048698140794,0.0441635917633052,1
2024-12-05,NVDA,0.034038753594292905,-0.010687442063317176,0.03682482081372185,1
2024-12-06,AAPL,-0.009851899453196047,-0.021007180330615438,-0.03645649603324441,0
2024-12-06,AMZN,-0.010866030266280045,0.034159783828176415,-0.022598769828415133,0
2024-12-06,MSFT,-0.015450134370735459,0.012185238927398201,0.03376521295063761,1
2024-12-06,NVDA,0.02106133435492471,0.0035630839220290866,0.0579726833693015,1
2024-12-09,AAPL,0.008255731138610348,-0.02123349900828808,-0.020526471149471148,0
2024-12-09,AMZN,-0.03716410120548641,-0.0028140120167339244,-0.08406082619077748,0
2024-12-09,MSFT,-0.020932886924861106,-0.0030332911450063893,0.04466648463122258,1
2024-12-09,NVDA,0.00854467545936669,0.02817276545167635,0.034960696875002695,1
2024-12-10,AAPL,0.006678120524915125,0.0032671678949931504,0.008314369829313106,1
2024-12-10,AMZN,-0.020172797186768808,-0.04382137282852172,-0.056060166827132996,0
2024-12-10,MSFT,-0.018914217392876544,0.01684916341351661,0.048792719196401046,1
2024-12-10,NVDA,-0.03106514818880499,0.01982756844915312,0.01946846761322707,1
2024-12-11,AAPL,0.007312918040540537,0.00017172933738129892,0.01564835384974428,1
2024-12-11,AMZN,-0.021741478245013674,-0.031185891750661998,-0.010891616373628454,0
2024-12-11,MSFT,-0.029485332498104404,0.016261331785830446,0.032411527038025634,1
2024-12-11,NVDA,-0.02537993672391287,-0.004057323931260348,-0.014086594825404641,0
2024-12-12,AAPL,0.008695071686462733,0.0021241992965650436,0.021149824658545313,1
2024-12-12,AMZN,-0.018253941996560785,0.023127086442237488,0.035950168823636997,1
2024-12-12,MSFT,-0.03331246186704066,-0.0086675536401839,0.01757521684621355,1
2024-12-12,NVDA,-0.017812769801176426,0.009491324474441676,0.0019049813164233598,1
2024-12-13,AAPL,0.01345322131636336,-0.004821735756328049,0.016319951071446015,1
2024-12-13,AMZN,-0.03074935979489326,-0.030871428492046826,0.007658382897798965,1
2024-12-13,MSFT,-0.021814225720125854,0.022858945241360118,0.0277462670836377,1
2024-12-13,NVDA,-0.028107324316437636,-0.018265438209415508,0.044168454708089167,1
2024-12-16,AAPL,0.009899336423633647,0.007586523359841335,-0.0019111448158041222,0
2024-12-16,AMZN,-0.023818988619067782,0.027670397832881832,0.05102354553755828,1
2024-12-16,MSFT,-0.028700230899535144,0.0009045383488361924,-0.0312853083928093,0
2024-12-16,NVDA,-0.017494235954718603,0.012782144096501247,0.05364431489895227,1
2024-12-17,AAPL,0.008620488939703186,0.010564441044844886,-0.0007589773423100077,0
2024-12-17,AMZN,-0.042749273185867506,0.0019328172651260633,0.029539224958003985,1
2024-12-17,MSFT,-0.02476437264560379,0.0009669006583719053,-0.034410386158301054,0
2024-12-17,NVDA,-0.026604704915217985,-0.013739313532067587,0.09366172325103017,1
2024-12-18,AAPL,0.0074386216628011285,0.005589367786635435,0.0024236548585068185,1
2024-12-18,AMZN,-0.035184515761924856,0.014694805558075119,0.02707996753029751,1
2024-12-18,MSFT,-0.026615802920409288,0.0016571086059751217,-0.053333156350708455,0
2024-12-18,NVDA,-0.01436956382287905,0.01209692760204617,0.11850930375696533,1
2024-12-19,AAPL,0.0057039172498111555,-0.002615686158337849,0.004195837824515047,1
2024-12-19,AMZN,-0.03696409152368475,-0.0048145012669663645,-0.008827669944671102,0
2024-12-19,MSFT,-0.026663707426473185,0.0012411901528932567,-0.032872640903071515,0
2024-12-19,NVDA,-0.026351268676688078,0.05207481345458942,0.09146282705136177,1
2024-12-20,AAPL,0.016767161771526082,-0.02267358481351356,-0.0026164648894992926,0
2024-12-20,AMZN,-0.02686514310204946,0.010835581379117443,0.0034457541761891974,1
2024-12-20,MSFT,-0.02438627958840424,-0.03589191278813486,-0.012116344200376106,0
2024-12-20,NVDA,-0.04353469176340329,-0.009356167478126842,0.023800678327629665,1
2024-12-23,AAPL,0.013433915542005305,0.008749654691201814,0.028371443135685848,1
2024-12-23,AMZN,-0.03385195509071181,0.006663446684259222,-0.042441006583368024,0
2024-12-23,MSFT,-0.01632121015865745,-0.002324384000823132,0.037235144571140966,1
2024-12-23,NVDA,-0.03607007585079595,0.0512476073072905,0.07617847213615603,1
2024-12-24,AAPL,0.023984315668614076,0.013783138894654101,0.029404681763618212,1
2024-12-24,AMZN,-0.03053512087546619,-0.000460496814794098,-0.03059157583149974,0
2024-12-24,MSFT,-0.019927559432065582,-0.01864916227337987,0.036466366897833113,1
2024-12-24,NVDA,-0.04708912362141986,0.008668156059172372,0.032630536707648705,1
2024-12-25,AAPL,0.029426712080744506,0.007367147410802577,4.02229394257155,1
2024-12-25,AMZN,-0.02348238067455468,-0.020779835538591307,2.9296732653609157,1
2024-12-25,MSFT,-0.013958376979343705,0.02330614055565694,7.026554952432408,1
2024-12-25,NVDA,-0.052154509261586844,-0.012376410155856998,-0.8864696728109505,0
2024-12-26,AAPL,0.027748832248055206,-0.009381780591489974,3.9787360243543235,1
2024-12-26,AMZN,-0.0285490531375925,0.007508616857405226,2.898221795547502,1
2024-12-26,MSFT,-0.02445923432725803,0.02272963117184945,6.688159294943713,1
2024-12-26,NVDA,-0.03894956117899254,-0.013145586848707036,-0.8892455998117172,0
2024-12-27,AAPL,0.027533306669336566,0.007691164551461238,4.001668450640373,1
2024-12-27,AMZN,-0.011733438663996187,-0.03538911018686741,2.890979929985172,1
2024-12-27,MSFT,-0.02948344309171759,0.012271825078397969,6.513059732233853,1
2024-12-27,NVDA,-0.03383480901355457,0.04132531720527588,-0.8877285043148238,0
2024-12-30,AAPL,0.029269562979034203,0.009763178662620442,3.9812419577851648,1
2024-12-30,AMZN,0.0001431860174419194,0.019120526492324874,3.0995808015058834,1
2024-12-30,MSFT,-0.02436745165221981,-0.0030638409530854283,6.559118244377686,1
2024-12-30,NVDA,-0.051228768958606806,0.008708507977863711,-0.8859379847766318,0
2024-12-31,AAPL,0.030516720714186495,3.9460790374770767,4.039639650053918,1
2024-12-31,AMZN,-0.023523257074327175,3.051815071349435,3.034001336023759,1
2024-12-31,MSFT,-0.01719978798899758,6.599731817834025,6.6225088356649,1
2024-12-31,NVDA,-0.041735805011098456,-0.8891041648374246,-0.8902687386916497,0
2025-11-05,AAPL,-0.04157941590911812,-0.0013696601762049898,0.012326941585844464,1
2025-11-05,AMZN,-0.05248259785125911,-0.02861710631494807,-0.023980815347721784,0
2025-11-05,MSFT,-0.06728332201186943,-0.019835949207350767,0.007847622052212122,1
2025-11-05,NVDA,0.005086499317376791,-0.03652476819835049,-0.007222990625480152,0
2025-11-06,AAPL,-0.041685907265634,-0.004818919820587686,0.011787819253438192,1
2025-11-06,AMZN,-0.04338222146728276,0.005636932192231825,-0.02246543778801846,0
2025-11-06,MSFT,-0.0373725748993296,-0.0005632669483002228,0.012452222892778142,1
2025-11-06,NVDA,0.03084541314816388,0.00037218205019140527,-0.006486601446193063,0
2025-11-07,AAPL,-0.04511047997612855,0.003575818527209673,0.014675755205423524,1
2025-11-07,AMZN,-0.04190991279587049,0.016325027617527965,-0.039769240211120604,0
2025-11-07,MSFT,-0.04065359392703246,0.018477517008171906,0.026891026931282758,1
2025-11-07,NVDA,0.019513647242063056,0.05793250066436362,0.010736114802019747,1
2025-11-10,AAPL,-0.044298609452764655,0.021601158000222664,-0.007311732175333208,0
2025-11-10,AMZN,-0.04994498641527191,0.0028180354267310914,-0.06252012882447655,0
2025-11-10,MSFT,-0.056819214648252674,0.005296442687747094,0.0029446640316206363,1
2025-11-10,NVDA,0.028025182934909264,-0.029590555136900343,-0.06254709871891473,0
2025-11-11,AAPL,-0.056464380424237556,-0.006466848319709229,-0.028374205267938102,0
2025-11-11,AMZN,-0.04382879200554432,-0.01967081493376155,-0.10658370132476902,0
2025-11-11,MSFT,-0.04781990297105936,0.004836046237320035,-0.029271840842965968,0
2025-11-11,NVDA,0.0434077953914676,0.003313315386208382,-0.061089252433215946,0
2025-11-12,AAPL,-0.03708094119971058,-0.0019014882802502742,-0.017954437415438784,0
2025-11-12,AMZN,-0.03528040923726638,-0.027108927108926983,-0.08808353808353786,0
2025-11-12,MSFT,-0.04520352109180245,-0.015357827601048535,-0.04699299604804941,0
2025-11-12,NVDA,0.027302308870874908,-0.0358101135190918,-0.03756449948400398,0
2025-11-13,AAPL,-0.03812908368501584,-0.0019783843194722817,-0.02454662026012089,0
2025-11-13,AMZN,-0.03276788255238247,-0.012164323596262405,-0.0860341779611079,0
2025-11-13,MSFT,-0.030227860910538966,0.013689920324266192,-0.04939498102485629,0
2025-11-13,NVDA,0.045956848097592595,0.017713796425131045,-0.033286952798886826,0
2025-11-14,AAPL,-0.03812908368501584,-0.01817113909181034,-0.0033772622150434195,0
2025-11-14,AMZN,-0.03174803237329123,-0.007754910733307696,-0.05965315948698258,0
2025-11-14,MSFT,-0.04029420267493334,-0.005272648869026564,-0.07460112117291928,0
2025-11-14,NVDA,0.027979604231498742,-0.018772677078403466,-0.059367933953830776,0
2025-11-17,AAPL,-0.03187187572729639,-7.477753682783028e-05,0.03163089807821762,1
2025-11-17,AMZN,-0.03477355856376528,-0.04431657147764845,-0.028299050972645512,0
2025-11-17,MSFT,-0.034197420877883265,-0.02699560582474525,-0.0659914481073518,0
2025-11-17,NVDA,0.04257280462675687,-0.02808145766345116,-0.02170418006430841,0
2025-11-18,AAPL,-0.041035365373859545,0.004187855219862424,0.035634160933293746,1
2025-11-18,AMZN,-0.021521816444269037,0.0006290721186250625,0.03199281060435877,1
2025-11-18,MSFT,-0.033010873997014384,-0.013507766459426085,-0.03402256019765504,0
2025-11-18,NVDA,0.04363687777662945,0.02845169827966476,-0.019519188354653605,0
2025-11-19,AAPL,-0.03591741706140533,-0.008601429848078657,0.03347482871611551,1
2025-11-19,AMZN,-0.022083814188693197,-0.0249225380573892,0.02905384166329905,1
2025-11-19,MSFT,-0.024554568072039176,-0.017839546723599886,-0.0033256692396126386,0
2025-11-19,NVDA,0.028826647465208816,-0.031524769461720004,-0.033562084494960454,0
2025-11-20,AAPL,-0.0270392749433603,0.019680751173708932,0.04732394366197212,1
2025-11-20,AMZN,-0.004659036412457612,0.016348899327622846,0.07405360596849997,1
2025-11-20,MSFT,-0.022448533312316152,-0.013188972263445065,0.028384507660472735,1
2025-11-20,NVDA,0.04144129003075451,-0.009743135518157642,-0.020150575730734976,0
2025-11-21,AAPL,-0.055596894944879426,0.01631735975542381,0.042764006040738156,1
2025-11-21,AMZN,-0.02151335273470863,0.025329647922425202,0.05976709411391545,1
2025-11-21,MSFT,-0.013951890732608043,0.003982038464797055,0.03096670338049634,1
2025-11-21,NVDA,0.044103538136987974,0.02051654740608244,0.005813953488372325,1
2025-11-24,AAPL,-0.052200099720171034,0.003805450855320469,0.037220933603943074,1
2025-11-24,AMZN,-0.023915461739769755,0.01498143892522541,0.03597313063461183,1
2025-11-24,MSFT,-0.004866248662677451,0.006308016877637046,0.03375527426160363,1
2025-11-24,NVDA,0.027519403904652497,-0.025910709394686537,-0.005970966858394933,0
2025-11-25,AAPL,0.005853616174217759,0.002094089612593386,0.025923385204173366,1
2025-11-25,AMZN,0.011756052012452889,-0.0022205773501109416,0.011799538468236781,1
2025-11-25,MSFT,0.017475784929610164,0.01784104488563698,0.0015513952074466264,1
2025-11-25,NVDA,0.008410532837497429,0.013721741086492045,0.009953885952086461,1
2025-11-26,AAPL,0.011574000578639094,0.004683840749414525,0.011349306431273298,1
2025-11-26,AMZN,-0.004921287202465261,0.017716879036481004,-0.0002181881654739204,0
2025-11-26,MSFT,-0.00935844481850068,0.013408856848609707,-0.009598352214212125,0
2025-11-26,NVDA,0.011760031803240312,-0.018084988350160813,0.017308332408742855,1
2025-11-28,AAPL,-0.013821557585870139,0.01524116908732287,-0.00025103102026202695,0
2025-11-28,AMZN,-0.007298578564517562,0.0028299459737586297,-0.015821970671469177,0
2025-11-28,MSFT,0.010922318067763894,-0.010711164407227414,-0.017987439279689377,0
2025-11-28,NVDA,0.008845074089733828,0.016497175141242826,0.030564971751412262,1
2025-12-01,AAPL,-0.01431226396538155,0.010914871070293097,-0.018403391027905558,0
2025-12-01,AMZN,-0.001508250247310888,0.002308876346844402,-0.029887121600821187,0
2025-12-01,MSFT,0.010218061387988574,0.006697620906438662,0.008793195545876653,1
2025-12-01,NVDA,0.0012186146860865732,0.008559359715429204,0.031291685193419516,1
2025-12-02,AAPL,-0.01052129397986386,-0.007128131660784853,-0.03148258150179961,0
2025-12-02,AMZN,0.0006563342439705351,-0.008702329152802668,-0.0277280095554987,0
2025-12-02,MSFT,0.004026460812619525,-0.025040816326530546,0.004122448979591908,1
2025-12-02,NVDA,0.03705840876203428,-0.01030530144384445,0.019343105918659287,1
2025-12-03,AAPL,-0.010234700664317859,-0.012141474573288735,-0.01889846911842341,0
2025-12-03,AMZN,-0.008012942553002746,-0.014071778982700622,-0.0025819777949909195,0
2025-12-03,MSFT,0.008116773694801158,0.00650995332091342,0.0017373830406297586,1
2025-12-03,NVDA,0.011692253086047223,0.021103624923436648,0.023330920429867952,1
2025-12-04,AAPL,-0.007339790526048374,-0.006840042750267283,-0.00951193444959042,0
2025-12-04,AMZN,-0.007715175158095057,0.0018331805682858526,0.005106717297368002,1
2025-12-04,MSFT,-0.007466072132251734,0.004824889776225083,0.005469594875634254,1
2025-12-04,NVDA,0.026490476684105417,-0.005289562656778268,-0.01336023557639876,0
2025-12-05,AAPL,-0.007954941723773585,-0.003192481526651747,-0.0017935289475572436,0
2025-12-05,AMZN,-0.030809842889154396,-0.011501764475232101,-0.014551474752755533,0
2025-12-05,MSFT,-0.019301842755992935,0.016267902972100234,-0.00958274691613581,0
2025-12-05,NVDA,0.0003028722680869339,0.01721396853242707,-0.04051312976262267,0
2025-12-08,AAPL,-0.009723662938308631,-0.0025549677930115644,-0.013602504588146158,0
2025-12-08,AMZN,-0.001561321066970123,0.004539644761778927,-0.019172286129842453,0
2025-12-08,MSFT,-0.02690123690770004,0.002036576921510269,-0.03299254612846747,0
2025-12-08,NVDA,0.000629412876086048,-0.0031258420910806883,-0.04990568579897614,0
2025-12-09,AAPL,-0.0164826150809121,0.005772422252687592,-0.009271953243379705,0
2025-12-09,AMZN,-0.012481442285106562,0.016935766935767038,-0.02351702351702334,0
2025-12-09,MSFT,-0.02715776497131129,-0.02735661151985691,-0.031767001341408974,0
2025-12-09,NVDA,0.009063921857237535,-0.006433475698761959,-0.039195545223549955,0
2025-12-10,AAPL,-0.020541715178860786,-0.0026902934213358654,-0.024894181792094017,0
2025-12-10,AMZN,-0.024190466170572147,-0.006471654154801998,-0.045344723444645796,0
2025-12-10,MSFT,-0.00895219764503913,0.010259946506185225,-0.0050986292209963535,0
2025-12-10,NVDA,0.017117105068936326,-0.015507672216780954,-0.06986614430297111,0
2025-12-11,AAPL,-0.017518326944550314,0.0008991835413445504,-0.021004927525806627,0
2025-12-11,AMZN,-0.00746676845959208,-0.01776098662497827,-0.015285739100226015,0
2025-12-11,MSFT,-0.017445538456431722,-0.010217800484001227,0.001054874139036599,1
2025-12-11,NVDA,0.026214634317010873,-0.03266456640689763,-0.03752832587188437,0
2025-12-12,AAPL,-0.018583283346362174,-0.014984907287623805,-0.016566048584159776,0
2025-12-12,AMZN,0.017080576872979668,-0.01613687607763392,0.005128431849330095,1
2025-12-12,MSFT,0.007330795164110148,-0.007752909953398945,0.015443127912565524,1
2025-12-12,NVDA,0.030865183701010157,0.0072563135641638965,0.034110387384298946,1
2025-12-15,AAPL,0.005998558149984999,0.001824085221261429,-0.011455255189522617,0
2025-12-15,AMZN,0.011817074145330586,8.987148377825882e-05,0.026467151972678904,1
2025-12-15,MSFT,-0.0037612850612833973,0.003306516153489758,0.021271218567036065,1
2025-12-15,NVDA,0.05765249038078233,0.008111634239037935,0.04197628906914752,1
2025-12-16,AAPL,0.0037231817262765995,-0.010087032518845018,-0.008193437966570905,0
2025-12-16,AMZN,-0.003253788668203275,-0.005796189791516859,0.04304457225017977,1
2025-12-16,MSFT,-0.01598994509019121,-0.000566762526501341,0.021956800100757956,1
2025-12-16,NVDA,0.05776260905129618,-0.038149898717083075,0.06465226198514507,1
2025-12-17,AAPL,0.006457688079381685,0.0012875220718069347,0.007246909947027591,1
2025-12-17,AMZN,-0.002179031832784636,0.024811316491164526,0.05021015049487065,1
2025-12-17,MSFT,-0.011960790308361944,0.01650844324960099,0.02499369906746196,1
2025-12-17,NVDA,0.034720615937444084,0.018720018720018716,0.10336960336960344,1
2025-12-18,AAPL,0.004692114722818765,0.0054373783019214805,0.004445424152246247,1
2025-12-18,AMZN,-0.016551866309674274,0.0026018698183101208,0.025401305344858294,1
2025-12-18,MSFT,-0.024437945037755267,0.004008430100417293,0.00770693003843137,1
2025-12-18,NVDA,0.05301423261107638,0.03933616630297476,0.09411967382565756,1
2025-12-19,AAPL,0.009150380227967504,-0.00986589688310735,0.0003288632294369265,1
2025-12-19,AMZN,-0.0047516963588195476,0.004750384869144586,0.020760941279964973,1
2025-12-19,MSFT,-0.021759615579655087,-0.002057951926243029,0.002428383272966572,1
2025-12-19,NVDA,0.031024589851771204,0.014917951268025753,0.03994695839549123,1
2025-12-22,AAPL,0.018622608865524512,0.005129719157102253,0.00778683987157236,1
2025-12-22,AMZN,-0.01932228333115287,0.016241299303944245,0.017948605699777076,1
2025-12-22,MSFT,-0.010160001638015585,0.00398003794440327,0.005279221314856031,1
2025-12-22,NVDA,0.049924208739827,0.03005062877674347,0.020959224780880747,1
2025-12-23,AAPL,0.009590505043042605,0.005323836099280221,-0.0018358055514761107,0
2025-12-23,AMZN,-0.01893963215874468,0.0010338588782632385,-0.005686223830446813,0
2025-12-23,MSFT,-0.012686429553696548,0.0024032042723629576,-0.006634487008319145,0
2025-12-23,NVDA,0.01721538131922507,-0.0031710797526557366,-0.014322710216161827,0
2025-12-24,AAPL,0.009584769024323545,-0.0014973887001936692,-0.010226069172053709,0
2025-12-24,AMZN,-0.011461088466771985,0.0006024614854980292,-0.025303382390911122,0
2025-12-24,MSFT,-0.02094291103081651,-0.0006352198680381616,-0.03090037293553549,0
2025-12-24,NVDA,0.0054414489753814,0.010179735963098402,0.0012724669953871892,1
2025-12-26,AAPL,0.01760387960719042,0.0013167520117045584,-0.022457937088514957,0
2025-12-26,AMZN,-0.007443201338360259,-0.001935317392052327,0.0023223808704628812,1
2025-12-26,MSFT,-0.023791616634856287,-0.0012507432695658682,-0.030468926206147162,0
2025-12-26,NVDA,0.002260499228041442,-0.012124074948826946,-0.012648926678213157,0
2025-12-29,AAPL,0.010646395227162582,-0.002483927527761609,-0.041642314436002525,0
2025-12-29,AMZN,-0.005631471347136922,0.001982160555004997,0.03817813590726926,1
2025-12-29,MSFT,-0.017503160306641192,0.0007801272839251805,-0.017634982549784683,0
2025-12-29,NVDA,-0.0072118645702352715,-0.0036127935394750788,-0.005206673042184362,0
2025-12-30,AAPL,0.003512172324020001,-0.004467555295151526,-0.046689614764904075,0
2025-12-30,AMZN,-0.005933224000167305,-0.007353889820668313,0.03883369887756416,1
2025-12-30,MSFT,-0.018590640472119814,-0.007918273570197809,-0.008225978501682163,0
2025-12-30,NVDA,-0.005702280799586041,-0.005545483630158832,0.008371547403220658,1
2025-12-31,AAPL,0.013642495954342125,-0.003126609284190507,-0.04715662473331861,0
2025-12-31,AMZN,0.017623872707724572,-0.018715882505848658,0.06702192184386102,1
2025-12-31,MSFT,-0.014509518613414513,-0.022083453951449505,-0.011393242628510047,0
2025-12-31,NVDA,-0.0065017293076382226,0.012600536193029477,-0.00782841823056335,0
2026-01-02,AAPL,0.008788660354200584,-0.01383712778126267,-0.0429504446330391,0
2026-01-02,AMZN,0.022249762507402723,0.028962472406180995,0.09218543046357608,1
2026-01-02,MSFT,-0.001488961304877677,-0.0001902989808432176,0.013405505983845822,1
2026-01-02,NVDA,-0.0013740952247087784,-0.003865501720942466,-0.021127879269261407,0
2026-01-05,AAPL,0.017582967337998516,-0.018334206390780428,-0.026229140163136933,0
2026-01-05,AMZN,0.0010480884698068507,0.03376812837895815,0.05753883120226533,1
2026-01-05,MSFT,-0.008318408752466583,0.011969969334884034,0.009157238024743553,1
2026-01-05,NVDA,-0.010550329767417587,-0.004677865192430297,-0.016904103763555334,0
2026-01-06,AAPL,0.008702137177654766,-0.007737459978655381,-0.004993139198048446,0
2026-01-06,AMZN,-0.00872144485757631,0.0026148673888681806,0.00693147387207893,1
2026-01-06,MSFT,-0.013952481354405947,0.010365509602725309,-0.016384192597855507,0
2026-01-06,NVDA,-0.006979708151184684,0.00998718222602002,-0.007637256996368413,0
2026-01-07,AAPL,0.015616007555970523,-0.004955249106902593,-0.0014212729996542217,0
2026-01-07,AMZN,-0.0053558446651268505,0.01958105646630237,-0.02032621294916359,0
2026-01-07,MSFT,-0.02800998023532635,-0.011086520363207675,-0.04982729021449106,0
2026-01-07,NVDA,-0.008856790826694104,-0.021521865580878985,-0.031568928137063246,0
2026-01-08,AAPL,0.005552955269606357,0.0012739345274861424,-0.0032041383570104998,0
2026-01-08,AMZN,-0.028172030358014494,0.00442567704738317,-0.03292866133419936,0
2026-01-08,MSFT,0.004813994196073982,0.0024471355964108543,-0.04486415260086585,0
2026-01-08,NVDA,0.007926678149305292,-0.0009727626459142824,0.010862516212710949,1
2026-01-09,AAPL,-0.008445328555986833,0.0033928364884141526,-0.014805104676716585,0
2026-01-09,AMZN,-0.04312118882565515,-0.0036785512167515355,-0.033389926428975536,0
2026-01-09,MSFT,-0.0034419743381449612,-0.004381572358537755,-0.0405191120013354,0
2026-01-09,NVDA,0.007952499689428488,0.0004327599264306592,0.007411013740127537,1
2026-01-12,AAPL,-0.00825108094428747,0.00307396733909715,-0.0520653218059558,0
2026-01-12,AMZN,-0.023359548403723254,-0.015701708118635138,-0.0627662595853451,0
2026-01-12,MSFT,-0.0030953361018489344,-0.013642650572111115,-0.04748732134624278,0
2026-01-12,NVDA,0.013299164107639701,0.004704228398399568,-0.03714718287012009,0
2026-01-13,AAPL,-0.010107592561452628,-0.0041754453169892125,-0.05133116261252613,0
2026-01-13,AMZN,-0.010315532167285363,-0.024525968672712284,-0.04653751030502873,0
2026-01-13,MSFT,0.0013377908923460202,-0.02398708224446011,-0.056430195253574844,0
2026-01-13,NVDA,0.030542777218990715,-0.014369517248802643,-0.01340078574888326,0
2026-01-14,AAPL,0.01650997511804325,-0.006731804893060467,-0.044660717033389696,0
2026-01-14,AMZN,0.019981807544319018,0.006465244031269801,-0.009761250792309162,0
2026-01-14,MSFT,0.0048981079920526124,-0.0059210239888545235,-0.017937219730941867,0
2026-01-14,NVDA,0.03900392612390808,0.02134978704816004,0.009282516107895544,1
2026-01-15,AAPL,0.02209821932934532,-0.010379148754889322,-0.039386545834785625,0
2026-01-15,AMZN,-0.0018945326990534017,0.003946595012175758,0.004114535225459681,1
2026-01-15,MSFT,-0.0012160186651489656,0.007007401567906024,0.020343362676827237,1
2026-01-15,NVDA,0.017533350646112226,-0.004383854584335878,0.003314621758887748,1
2026-01-16,AAPL,0.02374359144807113,-0.03455562947599111,-0.00046961217860930216,0
2026-01-16,AMZN,-0.0002596660639971588,-0.03395784543325531,-0.0029274004683842447,0
2026-01-16,MSFT,-0.012408060851638716,-0.011612229809072394,0.022659070151785254,1
2026-01-16,NVDA,0.0281931389892658,-0.04381678569510816,0.001288728991032606,1
2026-01-20,AAPL,0.03136942719454766,0.0038508309687881326,0.046899067693554564,1
2026-01-20,AMZN,0.035838665634861454,0.001341991341991422,0.05922077922077906,1
2026-01-20,MSFT,-0.0003681536560500012,-0.02290328258382468,0.05733521077180326,1
2026-01-20,NVDA,0.025899734468944093,0.029482787667771015,0.0586847868815632,1
2026-01-21,AAPL,-0.006409630276894075,0.0028265697557035008,0.03549364021804924,1
2026-01-21,AMZN,0.016773496669425406,0.013099303964376752,0.05058147075353414,1
2026-01-21,MSFT,0.0008938148259020472,0.015829411632253265,0.0844835738893519,1
2026-01-21,NVDA,0.04711269756310325,0.008291512109971588,0.044730525856425896,1
2026-01-22,AAPL,0.007534301247146986,-0.0012482383732635993,0.03998389369840938,1
2026-01-22,AMZN,0.01449871729508808,0.020568404881795566,0.03153537594947475,1
2026-01-22,MSFT,-0.00776309899323141,0.0328279469787649,-0.03910094427450439,0
2026-01-22,NVDA,0.04550102743913327,0.015310538844405919,0.04149534732741822,1
2026-01-23,AAPL,0.004981566839975562,0.029712949524270282,0.04612159329140453,1
2026-01-23,AMZN,0.008803077176681324,-0.003094162903495623,0.0005853821709314033,1
2026-01-23,MSFT,0.0014165934112840188,0.009292842579675886,-0.07653181671853204,0
2026-01-23,NVDA,0.021451664844595934,-0.006394202589651954,0.01843661746683023,1
2026-01-26,AAPL,-0.005060277422347113,0.011197682158098576,0.05716299283504944,1
2026-01-26,AMZN,0.029734826035937707,0.02625618656153006,0.019042026675614387,1
2026-01-26,MSFT,-0.004612867264585193,0.02190184570893927,-0.09974908565110152,0
2026-01-26,NVDA,0.01927416982680218,0.010993725532257193,-0.004612001930605403,0
2026-01-27,AAPL,-0.010860388967852885,-0.0070856080845626,0.04340418941417923,1
2026-01-27,AMZN,-0.00027844442966024193,-0.006825241131273585,-0.02476704266797458,0
2026-01-27,MSFT,-0.031230899392490272,0.002184859960880692,-0.14434641474884502,0
2026-01-27,NVDA,0.02048778238732417,0.01591343093570985,-0.04339062168470187,0
2026-01-28,AAPL,0.00737217107806821,0.007175167680548933,0.07818593043206978,1
2026-01-28,AMZN,0.005446134337662279,-0.005267272951730351,-0.0412328710752643,0
2026-01-28,MSFT,-0.03841186026473236,-0.09993148267342145,-0.14002450013495837,0
2026-01-28,NVDA,0.01812827819569244,0.005169172932330657,-0.09048663324979112,0
2026-01-29,AAPL,-0.003365821011707369,0.004646120489391503,0.0682592535233082,1
2026-01-29,AMZN,0.015053222666055095,-0.010052537955570151,-0.07876556488644337,0
2026-01-29,MSFT,0.014844855802881092,-0.007404844290657353,-0.09188004613610157,0
2026-01-29,NVDA,0.009171227687802328,-0.007168458781361964,-0.10716326424601308,0
2026-01-30,AAPL,0.0049147987469504726,0.040581162324649256,0.07183597965161104,1
2026-01-30,AMZN,0.022767489462997517,0.015294609277058058,-0.1211032177183452,0
2026-01-30,MSFT,-0.0013738703259975305,-0.016082177136349962,-0.06774500917985549,0
2026-01-30,NVDA,0.012905253952353746,-0.028880866425992635,-0.029927274629833134,0
2026-02-02,AAPL,-0.0003373124881824536,-0.0019628902633235246,0.017073441724380523,1
2026-02-02,AMZN,0.010198441363396997,-0.017863022719789234,-0.1409285479091208,0
2026-02-02,MSFT,0.006557816814471573,-0.028721921723315336,-0.02307674138460436,0
2026-02-02,NVDA,0.010692436050549732,-0.028392866763644276,0.023867248531867613,1
2026-02-03,AAPL,0.015883005038692086,0.026013062193854797,0.015585572213151266,1
2026-02-03,AMZN,0.016748719647461,-0.023593998826586193,-0.13267957421842258,0
2026-02-03,MSFT,0.027040832194272963,0.007246905474088683,0.005009605797524408,1
2026-02-03,NVDA,0.00014816026571804505,-0.03410225130309419,0.04546966840412536,1
2026-02-04,AAPL,0.0019301467141815234,-0.0020977250533472658,-0.0035805996600239975,0
2026-02-04,AMZN,0.02510848136391159,-0.044207905918709045,-0.12408257865144423,0
2026-02-04,MSFT,0.01955167999898113,-0.04954248050411647,-0.023708925855283614,0
2026-02-04,NVDA,0.0389445105214711,-0.013261381250358806,0.09105000287042886,1
2026-02-05,AAPL,-0.004136798136551733,0.00800985828712264,-0.051393570367148866,0
2026-02-05,AMZN,0.037686514207922385,-0.0555480713098927,-0.10368673941353446,0
2026-02-05,MSFT,0.025835308015115164,0.018975283867198378,0.020753422917672237,1
2026-02-05,NVDA,0.029930709013823307,0.07871771003025363,0.08761926925762165,1
2026-02-06,AAPL,-0.009886380364613643,-0.01258449590104993,-0.08032503955127301,0
2026-02-06,AMZN,0.01513557003336515,-0.007607455306199995,-0.05482122480030427,0
2026-02-06,MSFT,0.012763655739778989,0.03106147479682919,0.0004487211447377071,1
2026-02-06,NVDA,0.03448464991984608,0.024971684375168612,-0.01402297610700598,0
2026-02-09,AAPL,0.000927545887476652,-0.0034229116597480624,-0.03910858641031267,0
2026-02-09,AMZN,0.01748060531713599,-0.008432349559218011,-0.03626868532004601,0
2026-02-09,MSFT,0.009525431319504988,-0.0007978723404256094,-0.04047388781431338,0
2026-02-09,NVDA,0.000600574830882705,-0.007893075142075379,-0.02667859398021477,0
2026-02-10,AAPL,-0.007495124531470663,0.006650102309266215,-0.03409090909090917,0
2026-02-10,AMZN,0.006138273506865298,-0.013915732508697265,-0.01048511789717832,0
2026-02-10,MSFT,0.012131017019766106,-0.021535557867737753,-0.03307764899460397,0
2026-02-10,NVDA,0.006622782927060524,0.00800891057600528,-0.002970192001697236,0
2026-02-11,AAPL,-0.021057665879569493,-0.04998185117967324,-0.054156079854809525,0
2026-02-11,AMZN,0.016705751438473186,-0.021952175617405034,0.0038220305762446394,1
2026-02-11,MSFT,0.018008886773495242,-0.006256646140910593,-0.014615327546554036,0
2026-02-11,NVDA,0.01282244995736975,-0.01636411470665622,-0.011312812417784923,0
2026-02-12,AAPL,0.012736716102042406,-0.022733351163412796,0.010889084170709884,1
2026-02-12,AMZN,0.03665619418081598,-0.004058116232464992,0.052655310621242624,1
2026-02-12,MSFT,0.009455780608559321,-0.0012940473820425291,-0.011472227752339248,0
2026-02-12,NVDA,0.017398496890078826,-0.022092650048143758,0.015406012624371357,1
2026-02-13,AAPL,0.004623023275624406,0.03166783954961283,0.040659942137774685,1
2026-02-13,AMZN,0.008982435450768645,0.011871824538457698,0.03259721313949404,1
2026-02-13,MSFT,0.014015308473820105,-0.011113326024120407,-0.04198644473238322,0
2026-02-13,NVDA,0.019508981937294247,0.011815546195503401,0.04780920080958362,1
2026-02-17,AAPL,0.004603700640415498,0.0017811126269517974,0.031302107018341685,1
2026-02-17,AMZN,0.01104334297738966,0.018095948297290443,0.03683818046234166,1
2026-02-17,MSFT,0.020183130439439128,0.0069041979539383735,-0.01980547296275792,0
2026-02-17,NVDA,0.017755660812085856,0.016272909120397916,0.04260150294642373,1
2026-02-18,AAPL,0.004747886179164624,-0.01426139587667874,0.03737469264233062,1
2026-02-18,AMZN,0.00938309229852622,0.0003418135651156451,0.028565847941794065,1
2026-02-18,MSFT,0.014082819173182102,-0.0028528528528529717,0.0025025025025022796,1
2026-02-18,NVDA,-0.001884139734108982,-0.0004255771890625537,0.04032343866368726,1
2026-02-19,AAPL,0.016159747142783926,0.015350372246526911,0.047471026172384745,1
2026-02-19,AMZN,0.0065599627273274915,0.025627257639363465,0.014937030166942922,1
2026-02-19,MSFT,0.015412885666323407,-0.003086884505345444,0.008181498770265527,1
2026-02-19,NVDA,0.010875757070577514,0.010218201170835384,-0.01601915912719576,0
2026-02-20,AAPL,0.009108333761250245,0.0060473202812005855,-0.0015118300702998688,0
2026-02-20,AMZN,0.009529775494993344,-0.023035552805673265,-0.0005235352910379909,0
2026-02-20,MSFT,-0.0026369251366265686,-0.03212244795206809,-0.011303275180626016,0
2026-02-20,NVDA,0.011032963977597192,0.009113897376461955,-0.06653671899694469,0
2026-02-23,AAPL,0.013699635076519575,0.022390863325569166,-0.005485010143511437,0
2026-02-23,AMZN,0.022152454717513377,0.016027670872509336,0.015199493350221749,1
2026-02-23,MSFT,0.018325836329529242,0.01178245376752396,0.036621843056675596,1
2026-02-23,NVDA,0.0037833094228633154,0.006786739754633064,-0.047350561211172204,0
2026-02-24,AAPL,-0.0016667091582182666,0.007679870654810239,-0.03082971999706008,0
2026-02-24,AMZN,0.004484105675099875,0.009973149213655441,0.0008151131568854275,1
2026-02-24,MSFT,0.011606905206092666,0.029820051413881776,0.03838046272493578,1
2026-02-24,NVDA,-0.014724070179348262,0.014052372310085604,-0.0663728286232822,0
2026-02-25,AAPL,0.0015859984762858217,-0.00466761477591815,-0.0427013820515626,0
2026-02-25,AMZN,-0.01785661499310735,-0.012913026965438612,0.029339156855298087,1
2026-02-25,MSFT,-0.007571057813720826,0.0027958062905641956,0.011482775836245684,1
2026-02-25,NVDA,-0.014809832061473127,-0.054561259971364406,-0.06402127224381271,0
2026-02-26,AAPL,0.02129130645304604,-0.03213042681809852,-0.04638212126763119,0
2026-02-26,AMZN,-0.020457553657118804,0.010003847633705432,0.05300115429011165,1
2026-02-26,MSFT,-0.015808718347333495,-0.02235387832321023,0.022304092402668507,1
2026-02-26,NVDA,0.00258493677727817,-0.04164638433663248,-0.008383363080750716,0
2026-02-27,AAPL,0.015453164448113696,0.002044060867590458,-0.025437201907790197,0
2026-02-27,AMZN,-0.03296227884948504,-0.0076666666666667105,0.015285714285714125,1
2026-02-27,MSFT,0.002520416728592663,0.01479350206243324,0.041299587513367264,1
2026-02-27,NVDA,0.014244459205398803,0.029854957954737804,0.0035555053896945132,1
2026-03-02,AAPL,0.0028345742389374903,-0.0036642490178302456,-0.018283469326080715,0
2026-03-02,AMZN,-0.027023556328320014,0.0016315562167090736,0.02447334325063588,1
2026-03-02,MSFT,-0.019931399109758673,0.01349893363442467,0.02724877681595772,1
2026-03-02,NVDA,0.00728485945783188,-0.013316527838667103,0.0009316089434459052,1
2026-03-03,AAPL,0.013662510859020876,-0.004663507109004761,-0.011071090047393595,0
2026-03-03,AMZN,-0.026434953225622677,0.03875820437886257,0.026828917740621794,1
2026-03-03,MSFT,-0.0363420082537722,0.003144109127819039,0.004530487955833662,1
2026-03-03,NVDA,0.0136574832840025,0.01660649819494564,0.026214940294362554,1
2026-03-04,AAPL,0.006995157150912262,-0.00849459088831317,-0.006513789425567684,0
2026-03-04,AMZN,-0.035836206706301256,0.0097776957845217,-0.01923254312332834,0
2026-03-04,MSFT,-0.049125023203009696,0.013524185587364235,-0.0007897334649555887,0
2026-03-04,NVDA,0.0166497063222849,0.0016389860139860435,0.016335227272727515,1
2026-03-05,AAPL,0.015430618523498784,-0.010872488378347422,-0.017403665142725844,0
2026-03-05,AMZN,-0.02127808264123284,-0.026171553850369955,-0.042979811820590186,0
2026-03-05,MSFT,-0.05236168381576959,-0.004188175708580988,-0.021476575435862566,0
2026-03-05,NVDA,0.029186985165572166,-0.03010799607287018,-0.0010908694229301297,0
2026-03-06,AAPL,0.018662560030006155,0.009399518371785875,-0.028509282995416663,0
2026-03-06,AMZN,0.0049920873862166456,0.0013132592279911925,-0.025983771868111405,0
2026-03-06,MSFT,-0.04868546515904126,0.0011003521126762283,-0.032790492957746276,0
2026-03-06,NVDA,0.04500547397605736,0.027162298953998576,0.013665504442694987,1
2026-03-09,AAPL,0.01410961500489702,0.003655533323072113,-0.0271663844851473,0
2026-03-09,AMZN,-0.011174198537895025,0.003934610520399007,-0.008197105250831616,0
2026-03-09,MSFT,-0.047809664670252876,-0.008915268312938207,-0.02310642143572461,0
2026-03-09,NVDA,0.03445350410725746,0.011606898439638691,0.0031207226936762478,1
2026-03-10,AAPL,0.009401240593609887,-7.66782962081658e-05,-0.025303837748725466,0
2026-03-10,AMZN,-0.015723204290828456,-0.007838380068119322,0.004059161106704456,1
2026-03-10,MSFT,-0.045990129675311714,-0.00216876971608837,-0.015649645110410004,0
2026-03-10,NVDA,0.03268954591922012,0.006819288845591798,-0.015370460572603939,0
2026-03-11,AAPL,0.011766455245216214,-0.01936275449560987,-0.041677849775698994,0
2026-03-11,AMZN,-0.009531382950889494,-0.01467199623794968,-0.013073124853045015,0
2026-03-11,MSFT,-0.04218454943239057,-0.007459000197589383,-0.03233056708160431,0
2026-03-11,NVDA,0.036640730767183646,-0.015535128742676041,-0.030263935924313312,0
2026-03-12,AAPL,0.018164191882134365,-0.02205192367844855,-0.026587425711604773,0
2026-03-12,AMZN,0.019059160860011158,-0.008877010451963985,-0.0036748914236625074,0
2026-03-12,MSFT,-0.040945438492956995,-0.0157019857661872,-0.031951425869705785,0
2026-03-12,NVDA,0.03308609310519651,-0.01578027738342247,-0.025008190455389268,0
2026-03-13,AAPL,0.024281877391299247,0.010794818487126046,-0.00851591236206628,0
2026-03-13,AMZN,0.01266879182228087,0.019598401309770308,-0.01107526363942779,0
2026-03-13,MSFT,-0.04244624261560608,0.011123751738086218,-0.03458475540386796,0
2026-03-13,NVDA,0.001782647821870841,0.01647711511789174,-0.04188626907073534,0
2026-03-16,AAPL,0.02115983126524327,0.005577090420061603,-0.0052606597579305525,0
2026-03-16,AMZN,-0.004342135926255139,0.016340795315008982,-0.007556437139888628,0
2026-03-16,MSFT,-0.0435564557390788,-0.0013501687710962829,-0.04238029753719219,0
2026-03-16,NVDA,0.0026298481916820124,-0.007040716079030673,-0.041371029363606704,0
2026-03-17,AAPL,0.019317977938952898,-0.016874483735200396,-0.010187625378594078,0
2026-03-17,AMZN,-0.006090692579206539,-0.024767657992564973,-0.03698884758364296,0
2026-03-17,MSFT,-0.013547575705370471,-0.019078140256878928,-0.06677349089907614,0
2026-03-17,NVDA,0.009151209172555063,-0.008409827955807136,-0.036992249766393925,0
2026-03-18,AAPL,0.038755628609339905,-0.00392094102584617,0.010722573417620174,1
2026-03-18,AMZN,0.02949618195913118,-0.005288988421403795,0.008767332158002628,1
2026-03-18,MSFT,0.00020952187146239918,-0.00707011409173286,-0.05296204599402732,0
2026-03-18,NVDA,0.03195431132412313,-0.010199556541020005,-0.009534368070953647,0
2026-03-19,AAPL,0.027076899600858937,-0.003896208226221054,0.015785668380462692,1
2026-03-19,AMZN,0.032051169869977976,-0.016238743054224902,-0.005844031423644425,0
2026-03-19,MSFT,-0.011829543214184966,-0.018379517762582842,-0.05925145236748752,0
2026-03-19,NVDA,0.04366365152078793,-0.03281810035842303,-0.04099462365591411,0
2026-03-20,AAPL,0.020604411389564006,0.014113472317432096,0.0032662607363198592,1
2026-03-20,AMZN,0.039227771176810956,0.023226371914106148,-0.02936163996688912,0
2026-03-20,MSFT,0.00796747970455306,0.0029591222143661167,-0.0657291748500799,0
2026-03-20,NVDA,0.039355119993712294,0.017023740590619507,-0.02999420961204391,0
2026-03-23,AAPL,0.011997846318478554,0.0005964451866873333,-0.019324824048669864,0
2026-03-23,AMZN,0.023413636519478052,-0.013800323593794461,-0.043732749595507436,0
2026-03-23,MSFT,0.0008397662697971283,-0.026788511749347266,-0.06276762402088765,0
2026-03-23,NVDA,0.04821071923726301,-0.0025051241175131356,-0.059610567069004805,0
2026-03-24,AAPL,0.011352080616680818,0.003894452392306569,0.008543951676998729,1
2026-03-24,AMZN,0.037769547072077705,0.021569195136074137,0.004970082995560787,1
2026-03-24,MSFT,0.029942461031398027,-0.004560819874443234,-0.0068948865160700645,0
2026-03-24,NVDA,0.05381287370574911,0.019863013698630194,-0.004566210045662156,0
