date,ret_1d,gross_ret,signal,pos_change,net_ret,buy_hold_equally_weighted,strategy_curve_gross,strategy_curve_net,strategy_dd
2024-04-04,-0.005911701276714742,-0.0038707379522767036,0.5,0.5,-0.003970737952276704,0.9940882987232853,0.9961292620477233,0.9960292620477234,0.0
2024-04-05,0.008858041023224772,0.004849489461448764,0.3,0.2,0.004809489461448764,1.002893973654084,1.0009599804062645,1.0008196542868364,0.0
2024-04-08,0.0012411177722534527,0.0048862797756461076,0.2,0.09999999999999998,0.0048662797756461075,1.0041386831884722,1.0058509509147548,1.0056899227295615,0.0
2024-04-09,0.0013450997800198983,-0.0028448557484048063,0.4,0.2,-0.0028848557484048064,1.0054893499103386,1.0029894500550065,1.0027886523748624,-0.002884855748404802
2024-04-10,-0.0010497768430920208,-0.0030188234010069203,0.7,0.29999999999999993,-0.0030788234010069204,1.004433810474827,0.9999616020322174,0.9997012432056664,-0.005954797188024941
2024-04-11,-0.0022203665170386633,0.0008438244455063803,0.3,0.39999999999999997,0.0007638244455063803,1.002203599273467,1.00080539407658,1.0004648394534301,-0.005195521162178807
2024-04-12,0.004903549083192693,-0.00046005357480007893,0.2,0.09999999999999998,-0.00048005357480007893,1.007117953813857,1.000344969977356,0.9999845627307887,-0.0056730806084719365
2024-04-15,-0.005596258091915773,-0.0041128392985878785,0.3,0.09999999999999998,-0.0041328392985878785,1.0014818618153125,0.9962307118726883,0.9958517872319537,-0.009782473976577166
2024-04-16,0.004490573055615543,0.002551457490989839,0.3,0.0,0.002551457490989839,1.005979089279668,0.9987725521852501,0.9983926607344024,-0.007255976052095159
2024-04-17,0.003075412397373778,-0.003758908436900854,0.2,0.09999999999999998,-0.003778908436900854,1.0090728898423376,0.9950182576122959,0.9946198262854132,-0.011007464819874802
2024-04-18,-0.004020279095485535,0.001087214871573483,0.2,0.0,0.001087214871573483,1.0050161351974833,0.9961000562594591,0.9957011917521126,-0.009932217427751744
2024-04-19,0.001364068543903918,-0.0027059079224197257,0.5,0.3,-0.002765907922419726,1.0063870460936222,0.9934047012257038,0.9929471739374827,-0.012670653751300942
2024-04-22,-0.0021364017793179314,0.0035056014442335303,0.3,0.2,0.00346560144423353,1.0042369990176652,0.9968871821810291,0.9963883330975281,-0.00924896374300721
2024-04-23,-0.005628159556175361,-0.007533896637703019,0.8,0.5,-0.007633896637703019,0.998584992954979,0.9893767371910263,0.9887820075516484,-0.016812254747490152
2024-04-24,0.003499089702085789,0.000795717405340568,0.6,0.20000000000000007,0.000755717405340568,1.0020791314204853,0.9901640014812482,0.9895292473248427,-0.016069242655685323
2024-04-25,0.0010240348215895367,-0.0030581175554835307,0.6,0.0,-0.0030581175554835307,1.003105295345048,0.9871359635655105,0.9865031505619342,-0.019078218578100214
2024-04-26,0.006024447377371534,0.0012696924420717791,0.6,0.0,0.0012696924420717791,1.0091484504108172,0.9883893226377469,0.9877557061562827,-0.017832749605965148
2024-04-29,0.0016402813137485484,0.002249875860210826,0.6,0.0,0.002249875860210826,1.0108037377568244,0.9906130759152396,0.9899780338753492,-0.015622995218613989
2024-04-30,0.006835505135011554,0.0059972165000165886,0.5,0.09999999999999998,0.0059772165000165885,1.01771309189675,0.9965539969992507,0.9958953469140829,-0.009739160743397868
2024-05-01,-0.001580828753488206,-0.0032246632648968874,0.6,0.09999999999999998,-0.0032446632648968875,1.0161042617782783,0.9933404459336411,0.992664001866269,-0.01295222371119975
2024-05-02,0.0034894040825247164,-0.001055093259011952,0.3,0.3,-0.001115093259011952,1.019649860137598,0.9922923791252326,0.9915570889293241,-0.01405287403286204
2024-05-03,-0.002882468599446797,-0.00815334336521606,0.6,0.3,-0.008213343365216058,1.0167107514333211,0.9842018786395373,0.9834130900917335,-0.02215079631837813
2024-05-06,0.0003266946736558252,-0.0011315253083021616,0.3,0.3,-0.0011915253083021615,1.0170429054204628,0.9830882293053782,0.9822413285063736,-0.023315928392267926
2024-05-07,0.0007119063687258453,-0.0038403689426995346,0.5,0.2,-0.0038803689426995347,1.017766944742099,0.9793128078016203,0.9784298697610015,-0.02710582293056385
2024-05-08,-0.0037691632477746097,-0.0007720342391749013,0.4,0.09999999999999998,-0.0007920342391749013,1.013930814979177,0.9785567447831349,0.9776549198035194,-0.027876388429896704
2024-05-09,0.007545111804597315,0.0026795293441350676,0.3,0.10000000000000003,0.0026595293441350676,1.0215810363403213,0.9811788162956826,0.980255021751175,-0.025290997158799344
2024-05-10,-0.0002813565874946078,-0.003804888364088421,0.4,0.10000000000000003,-0.003824888364088421,1.0212936077860872,0.9774455404344691,0.9765056557246397,-0.029019150282138972
2024-05-13,-0.001132216006738851,-0.0013100830584082846,0.5,0.09999999999999998,-0.0013300830584082846,1.0201372828157718,0.9761650055914292,0.9752068220955205,-0.03031063546038748
2024-05-14,-0.001394132182999408,-0.004367300455172485,0.4,0.09999999999999998,-0.004387300455172485,1.0187150765987207,0.9719017997181862,0.9709282967610535,-0.03456495405080806
2024-05-15,-0.002710109288324414,0.0003175551997536497,0.5,0.09999999999999998,0.0002975551997536497,1.0159542474074745,0.9722104321883367,0.9712172015243428,-0.03427768383286145
2024-05-16,0.0009393203856072563,0.001779136676752968,0.5,0.0,0.001779136676752968,1.0169085539429086,0.9739401274257649,0.9729451296686681,-0.03255953184060967
2024-05-17,0.004546742588317254,0.004520090341019978,0.5,0.0,0.004520090341019978,1.021532175373545,0.9783424247884739,0.9773429295516259,-0.028186613524970427
2024-05-20,0.0026497355880732098,-0.0016827968605369614,0.4,0.09999999999999998,-0.0017027968605369615,1.024238965532994,0.9766960732275097,0.9756787130795174,-0.029841414308487968
2024-05-21,-0.006664654633887201,-0.00011205541645425976,0.4,0.0,-0.00011205541645425976,1.0174127665651467,0.976586629142275,0.9755693829949977,-0.029950125832834296
2024-05-22,0.005205233033249301,0.004008245076034045,0.7,0.29999999999999993,0.003948245076034045,1.0227086371061211,0.9805010276898554,0.9794211700077372,-0.026120131193646423
2024-05-23,-0.0038362724222165577,-0.005420851650526648,0.5,0.19999999999999996,-0.005460851650526648,1.0187852481656283,0.9751858770755597,0.9740726962949396,-0.03143834468263229
2024-05-24,0.0037877756620042446,-0.0005931557810564758,0.5,0.0,-0.0005931557810564758,1.022644178133439,0.9746074399349677,0.973494919443963,-0.03201285262779341
2024-05-27,-0.0005646785209398097,0.0007094608143767056,0.6,0.09999999999999998,0.0006894608143767056,1.0220667129314829,0.9752988857230016,0.9741661060439144,-0.03134546342086009
2024-05-28,-0.004208621444608806,-0.0026852186273750188,0.5,0.09999999999999998,-0.002705218627375019,1.0177652210456187,0.9726799949878001,0.971530773747687,-0.033965885716705224
2024-05-29,0.0004780241548768438,-0.0003427800791099056,0.5,0.0,-0.0003427800791099056,1.018251737405272,0.9723465796621695,0.9711977523522041,-0.034297022966822244
2024-05-30,0.00929124659751659,0.007875024785672691,0.5,0.0,0.007875024785672691,1.027712565395854,0.9800038330772732,0.9788459587237673,-0.026692088087088006
2024-05-31,0.0023598727042739576,0.0014079388278749883,0.5,0.0,0.0014079388278749883,1.0301378362267712,0.981383618525329,0.980224113955563,-0.025321730086427907
2024-06-03,0.002538315494318788,-0.001571610337181384,0.4,0.09999999999999998,-0.001591610337181384,1.0327526510577498,0.9798412658857141,0.9786639791230368,-0.026873038096248414
2024-06-04,-0.005065247851513621,-0.0032315107262273378,0.6,0.19999999999999996,-0.003271510726227338,1.0275215029108347,0.9766748983250043,0.9754622694179634,-0.030056633390097676
2024-06-05,0.0018631880613847462,-0.00035596018243290174,0.5,0.09999999999999998,-0.00037596018243290174,1.0294359687078745,0.9763272409500189,0.9750955344451966,-0.030421293475157984
2024-06-06,0.00238277696062551,-0.007431067549739934,0.5,0.0,-0.007431067549739934,1.0318888850165508,0.969072087271868,0.9678495336612846,-0.03762629833813347
2024-06-07,0.0019863131283286094,-0.002696473371102859,0.3,0.2,-0.002736473371102859,1.0339385394558356,0.9664590101938603,0.9652010391851862,-0.0402598083457808
2024-06-10,0.0011610435163070365,-0.00120742938454238,0.2,0.09999999999999998,-0.00122742938454238,1.0351389870933307,0.9652920791859965,0.9640163230676995,-0.041437821658543594
2024-06-11,0.01063544258507485,-0.0023674853914759653,0.2,0.0,-0.0023674853914759653,1.0461481483581343,0.9630067642900162,0.9617340285056923,-0.043707203612588286
2024-06-12,-0.0007106993534394923,0.0005487778481004346,0.3,0.09999999999999998,0.0005287778481004346,1.0454046515454942,0.9635352410698294,0.9622425721557306,-0.04320153716556052
2024-06-13,0.0016706349356606198,0.0013562097232296955,0.4,0.10000000000000003,0.0013362097232296954,1.0471511410782681,0.9648419969324429,0.9635283300367506,-0.04192305375634997
2024-06-14,0.0028685625369701873,-0.0018512033310906894,0.4,0.0,-0.0018512033310906894,1.050154959612111,0.9630558782137454,0.9617446431825863,-0.04369664899067738
2024-06-17,-0.004619216718514308,-0.0044327310800352125,0.4,0.0,-0.0044327310800352125,1.0453040662656399,0.9587869104905767,0.9574814878116935,-0.047935684576638216
2024-06-18,0.009955965210545325,0.004363797198572228,0.5,0.09999999999999998,0.004343797198572228,1.0557110771838223,0.9629708621246031,0.9616405932161347,-0.04380011027044173
2024-06-19,0.0028030529415974947,0.0008949362560526031,0.6,0.09999999999999998,0.0008749362560526032,1.0586702912241994,0.9638326596626408,0.9624819674364313,-0.042963496318883854
2024-06-20,0.005483654931624049,0.0026757719770885815,0.4,0.19999999999999996,0.0026357719770885813,1.0644756737876349,0.966411656083969,0.9650188504346534,-0.04044096632143035
2024-06-21,-0.000826925871279649,-0.0022328723623584734,0.4,0.0,-0.0022328723623584734,1.063595431313632,0.964253782206438,0.962864086514363,-0.04258353916778257
2024-06-24,-0.003398243597428063,-0.0023487683838359086,0.6,0.19999999999999996,-0.0023887683838359087,1.0599810749489167,0.9619889734087973,0.9605640272265663,-0.04487058533958277
2024-06-25,-0.004896870051607116,-0.004531587750839639,0.6,0.0,-0.004531587750839639,1.054790485367729,0.9576296359604552,0.9562111470468893,-0.0491988380955245
2024-06-26,-0.005205669515440947,-0.0007719957919466558,0.4,0.19999999999999996,-0.0008119957919466557,1.049299594692873,0.9568903499112503,0.9554347076192746,-0.04997088463796895
2024-06-27,-0.003948756768200734,-0.002824910104162326,0.6,0.19999999999999996,-0.002864910104162326,1.0451561658164592,0.9541872206932106,0.9526974730715487,-0.05269263264981816
2024-06-28,-0.010982766969376324,-0.009217380706244416,0.4,0.19999999999999996,-0.009257380706244416,1.0336774592006903,0.945392113815048,0.9438779898654484,-0.06146221759520887
2024-07-01,0.0044422887669539725,0.004028265291879718,0.4,0.0,0.004028265291879718,1.0382693529663511,0.9492004040543459,0.9476801808117925,-0.057681538421229916
2024-07-02,-0.0019646843207882458,-0.004766865582058066,0.7,0.29999999999999993,-0.004826865582058066,1.0362294814478232,0.9446756933177837,0.9431058559642336,-0.06222998297076232
2024-07-03,0.011165574069958361,0.005925052616047688,0.6,0.09999999999999998,0.005905052616047688,1.0477995784764034,0.9502729465057929,0.9486749456662051,-0.056692401678452686
2024-07-04,0.0059715432782802115,-0.000103140444401717,0.3,0.3,-0.000163140444401717,1.0540565590062392,0.9501749349317873,0.9485201784139764,-0.056846293299250394
2024-07-05,0.002300000465376395,0.002288832410285657,0.6,0.3,0.002228832410285657,1.0564808895824866,0.9523497261183003,0.9506342709294354,-0.05474416174987462
2024-07-08,0.00870565854692611,-0.0013090879100840947,0.4,0.19999999999999996,-0.0013490879100840946,1.0656782514685446,0.9511030166056669,0.9493517817276128,-0.056019394973194414
2024-07-09,-0.0008764573699548084,-0.0023407805804194883,0.5,0.09999999999999998,-0.0023607805804194883,1.0647442299110443,0.9488766931344179,0.9471105704773236,-0.05824792605383433
2024-07-10,-0.002071913545907278,0.001787238090824228,0.6,0.09999999999999998,0.0017672380908242279,1.062538171918165,0.950572561703883,0.9487843403536934,-0.0565836259166439
2024-07-11,-0.00533754733219789,-0.004825028410327137,0.4,0.19999999999999996,-0.004865028410327137,1.0568668241332848,0.9459860220875843,0.9441684775825993,-0.06117337337932727
2024-07-12,-0.003510174336368632,-0.005614852999896081,0.6,0.19999999999999996,-0.005654852999896081,1.0531570373302528,0.9406744496336061,0.9388293436347339,-0.06648229994525556
2024-07-15,-0.0036831745906750423,-0.0014792031932558292,0.5,0.09999999999999998,-0.0014992031932558293,1.0492780760903675,0.939283000983894,0.9374218476848345,-0.06788183266213843
2024-07-16,-0.01141468452112201,-0.010325087225132446,0.5,0.0,-0.010325087225132446,1.037300897876866,0.9295848220696511,0.9277428853407438,-0.07750603404403245
2024-07-17,-0.002283596950933775,0.00035911438646630823,0.4,0.09999999999999998,0.00033911438646630823,1.0349321207092737,0.929918649352697,0.9280574963001047,-0.07719320306874822
2024-07-18,-0.001935558330795828,-0.0017118616670686372,0.6,0.19999999999999996,-0.001751861667068637,1.0329289492212266,0.9283267572633779,0.9264316679475009,-0.07880983292240251
2024-07-19,-0.0014238303529357065,-0.0034615181808469674,0.6,0.0,-0.0034615181808469674,1.0314582336308995,0.925113337315344,0.9232248078855883,-0.08199854943375906
2024-07-22,0.0054682349316419465,0.000276926641379649,0.4,0.19999999999999996,0.00023692664137964898,1.0370984895745696,0.9253695258447422,0.923443544438559,-0.08178105043329464
2024-07-23,0.0017320966814264316,-0.0018015060154739637,0.5,0.09999999999999998,-0.0018215060154739638,1.0388948444266741,0.9237024670773967,0.9217614864674136,-0.08345359177345257
2024-07-24,0.006865130513548712,0.0008057587145489764,0.5,0.0,0.0008057587145489764,1.0460269931235162,0.9244467483898946,0.9225042038178703,-0.08271507651773546
2024-07-25,-0.0015001837853143019,-0.0011877368842621472,0.5,0.0,-0.0011877368842621472,1.0444577603894312,0.9233487488892957,0.921408511549109,-0.08380456965473293
2024-07-26,-0.00860542501745234,-0.005231358929319818,0.4,0.09999999999999998,-0.005251358929319818,1.0354697574485037,0.9185183801669174,0.9165698647344342,-0.08861584070887862
2024-07-29,-0.0009750056753900394,-0.001983490031369939,0.4,0.0,-0.001983490031369939,1.0344601685582966,0.9166965081162263,0.9147518575446794,-0.09042356210358105
2024-07-30,-0.0016342125822602193,-0.0017615799773690877,0.4,0.0,-0.0017615799773690877,1.0327696407349916,0.9150816739022045,0.9131404489881674,-0.09202585374446615
2024-07-31,0.0016984991841984653,0.0013671880307026484,0.4,0.0,0.0013671880307026484,1.034523799127245,0.916332762613879,0.9143888836803745,-0.09078448235951808
2024-08-01,0.0018864407962904228,0.0028961601030795593,0.4,0.0,0.0028961601030795593,1.036475367026652,0.9189866090021058,0.917037100283989,-0.08815124865222701
2024-08-02,-0.0019337358923850578,-0.004426701403205802,0.5,0.09999999999999998,-0.004446701403205802,1.0344710974078595,0.9149185296905089,0.9129593101233644,-0.09220596777435652
2024-08-05,0.005748022751472548,0.007254727698384156,0.4,0.09999999999999998,0.007234727698384156,1.0404172608115005,0.9215560144896194,0.9195643221318116,-0.08563832514498582
2024-08-06,-0.0034018915622882396,-0.003153352968672851,0.4,0.0,-0.003153352968672851,1.036877874110687,0.9186500230955303,0.9166646112467317,-0.08852163024683046
2024-08-07,-0.002749271332990089,-0.0012100189703857845,0.3,0.10000000000000003,-0.0012300189703857846,1.0340272154955827,0.9175384391404394,0.9155370963854169,-0.08964276593272325
2024-08-08,-0.0025764718902078097,0.00040954664167910384,0.4,0.10000000000000003,0.00038954664167910384,1.0313630734411485,0.917914213926801,0.9158937407866464,-0.08928813932946411
2024-08-09,0.007697801699371942,0.003770569703911775,0.3,0.10000000000000003,0.003750569703911775,1.0393023018605532,0.9213752734526234,0.9193288641028432,-0.08587245101584007
2024-08-12,0.0035440835729629084,0.002448232368858361,0.2,0.09999999999999998,0.0024282323688583607,1.0429856760759197,0.9236310142209558,0.9215612082082835,-0.0836527369121316
2024-08-13,0.006335988464522724,-0.0007744348337849205,0.3,0.09999999999999998,-0.0007944348337849205,1.0495940212881991,0.9229157221899791,0.9208290878830179,-0.08438071509777212
2024-08-14,-0.0008611025653719184,-0.00015186962190426588,0.4,0.10000000000000003,-0.00017186962190426588,1.0486902131838687,0.9227755593282005,0.920670825335845,-0.08453808223807657
2024-08-15,-0.0022488538262828706,-0.0027366847108646784,0.6,0.19999999999999996,-0.0027766847108646785,1.0463318621853648,0.9202502135634275,0.9181144127313958,-0.08708003134850484
2024-08-16,-0.006921707883370654,-0.004047680717144208,0.6,0.0,-0.004047680717144208,1.0390894586862545,0.916525334519039,0.9143981787268508,-0.09077523990191139
2024-08-19,0.004026639235094787,0.00482019587942587,0.4,0.19999999999999996,0.00478019587942587,1.0432734970693738,0.920943166159877,0.9187691811329554,-0.08642896745021855
2024-08-20,0.0032885201345185023,0.00028645125911660465,0.5,0.09999999999999998,0.00026645125911660465,1.046704322970296,0.9212069714893983,0.9190139883381058,-0.08618554529830325
2024-08-21,-0.0024948279953902253,-0.00417781493274969,0.4,0.09999999999999998,-0.00419781493274969,1.0440929757224535,0.9173583392477568,0.9151561376944541,-0.09002156926201266
2024-08-22,0.014194333413629768,0.004116713408655226,0.4,0.0,0.004116713408655226,1.0589131795346869,0.9211348406234797,0.9189235732375141,-0.08627544885460647
2024-08-23,0.003145248674870338,0.0001131279552500697,0.4,0.0,0.0001131279552500697,1.0622437248094212,0.921239046724509,0.9190275291823854,-0.08617208106447372
2024-08-26,-0.001608667994393853,-0.000251866690889424,0.3,0.10000000000000003,-0.000271866690889424,1.0605349273270746,0.9210070172942924,0.9187776762091903,-0.08642052043683712
2024-08-27,-0.00304540770974151,-0.0016596465856990815,0.5,0.2,-0.0016996465856990817,1.0573051660829424,0.919478471142635,0.9172160788688047,-0.08797328268004145
2024-08-28,0.003932413153214342,0.002176004960589217,0.5,0.0,0.002176004960589217,1.0614629268250084,0.9214792608569964,0.9192119456063554,-0.0859887080189633
2024-08-29,0.001927399476835745,-0.002567340804986773,0.5,0.0,-0.002567340804986773,1.0635087899148516,0.9191135095496492,0.916852015269969,-0.08833528650508493
2024-08-30,-0.0045200046879939615,-0.0012595884764804222,0.6,0.09999999999999998,-0.0012795884764804223,1.0587017251987136,0.9179558047644429,0.9156788219965916,-0.08950184216688695
2024-09-02,0.0005888647982037809,-0.0020941264829366533,0.6,0.0,-0.0020941264829366533,1.0593251573764808,0.9160334892035203,0.9137612747255843,-0.09140854047187019
2024-09-03,0.007894072715726152,0.007783338848768006,0.7,0.09999999999999998,0.007763338848768006,1.0676875471984089,0.9231632882468106,0.9208551131281612,-0.08435483709645675
2024-09-04,0.008101205180394266,0.0007962137789013113,0.5,0.19999999999999996,0.0007562137789013113,1.0763371030868152,0.9238983235770886,0.9215514764530803,-0.08366241360768478
2024-09-05,-0.0029450513657671928,-0.0009982158184139943,0.5,0.0,-0.0009982158184139943,1.0731672350313435,0.9229760736558877,0.9206315691918021,-0.08457711628142894
2024-09-06,-0.00252241371395181,0.0011418972120560977,0.3,0.2,0.0011018972120560976,1.0704602632803366,0.9240300174611898,0.9216460105512253,-0.0835684143580071
2024-09-09,0.0010093064115599293,0.0025953253075808535,0.4,0.10000000000000003,0.0025753253075808534,1.0715406856873857,0.9264281759504712,0.9240195488468288,-0.08120830490283693
2024-09-10,0.008359125376649956,0.0044923240921246445,0.4,0.0,0.0044923240921246445,1.080497828625228,0.9305899915649166,0.9281705441277075,-0.07708079483530794
2024-09-11,0.003975070110332624,0.0008165601634781306,0.5,0.09999999999999998,0.0007965601634781306,1.0847928832480755,0.93134987428056,0.9289098878080734,-0.07634563416236484
2024-09-12,0.003890212880047317,0.003207466942020487,0.6,0.09999999999999998,0.003187466942020487,1.0890129584946708,0.9343371482137699,0.9318707573675775,-0.0734015164054046
2024-09-13,0.002966185536927279,0.004269799646424532,0.4,0.19999999999999996,0.004229799646424532,1.092243172981684,0.9383265806388543,0.9358123839676041,-0.06948219046711879
2024-09-16,-8.523806828527602e-05,-0.0013288723674038882,0.2,0.2,-0.0013688723674038883,1.0921500722835211,0.9370796643742428,0.9345313762541165,-0.07075595058396555
2024-09-17,-0.005482422743219473,-0.006636308033984073,0.5,0.3,-0.006696308033984073,1.0861624438882251,0.930860915069073,0.9282734662912959,-0.07697845497760203
2024-09-18,0.0001136873407274419,0.0032944597420648146,0.4,0.09999999999999998,0.0032744597420648145,1.086285926808069,0.9339275988792296,0.9313130603862938,-0.0739560580873676
2024-09-19,0.005593173425362685,0.00047510389207763295,0.3,0.10000000000000003,0.00045510389207763295,1.0923617123862372,0.9343713115163759,0.9317369045848184,-0.07353461188516819
2024-09-20,0.010254409969924837,0.0016016360122704132,0.2,0.09999999999999998,0.0015816360122704132,1.1035632372204949,0.9358678342577328,0.9332105732270711,-0.07206928086320363
2024-09-23,0.0008686402421259176,-0.0009956694677097145,0.2,0.0,-0.0009956694677097145,1.1045218366580754,0.9349360192293508,0.932281403952365,-0.07299319314839814
2024-09-24,0.002406209624742883,0.0004893365376806514,0.6,0.39999999999999997,0.00040933653768065136,1.1071795477321806,0.9353935175839533,0.932663020794403,-0.07261373539167504
2024-09-25,0.0021356426449672616,0.001719117850293439,0.5,0.09999999999999998,0.001699117850293439,1.109544087589953,0.9370015692770808,0.9342477251813434,-0.07103799683536205
2024-09-26,-0.010972760097385615,-0.006306505739451828,0.4,0.09999999999999998,-0.006326505739451828,1.0973693264993558,0.9310923635025595,0.9283372015859138,-0.07691508028011573
2024-09-27,0.001490812444662515,0.002110957906355737,0.5,0.09999999999999998,0.002090957906355737,1.099005298347692,0.9330578602888426,0.930278315597334,-0.07498494856898985
2024-09-30,0.00031733403404131665,-0.0023600118035395634,0.5,0.0,-0.0023600118035395634,1.0993540501324492,0.9308558327251756,0.9280828477919473,-0.07716799500881888
2024-10-01,0.007392723484995911,0.003414262297731019,0.5,0.0,0.003414262297731019,1.1074812706371888,0.9340340186994722,0.9312515660683343,-0.07401720448703786
2024-10-02,-0.005493290968333753,-0.005040697645257619,0.6,0.09999999999999998,-0.005060697645257619,1.101397553775599,0.9293258356208233,0.9265387834607898,-0.07870332343983932
2024-10-03,-0.004615768962803568,-0.005078921801299985,0.5,0.09999999999999998,-0.005098921801299985,1.0963137571311736,0.9246058623737774,0.9218144346580516,-0.08340094314941715
2024-10-04,-0.0051799078007303545,-0.0020961325235210214,0.6,0.09999999999999998,-0.0021161325235210214,1.0906349529485617,0.9226677659542175,0.9198637531522205,-0.0853405882246474
2024-10-07,-0.0005639332606197867,-0.0028405923765315922,0.5,0.09999999999999998,-0.0028605923765315923,1.0900199076233996,0.9200468429321765,0.9172323979125055,-0.08795705596509484
2024-10-08,-0.0045065785119002945,-0.00353289924516611,0.4,0.09999999999999998,-0.00355289924516611,1.0851076473301604,0.916796410135264,0.9139735636183203,-0.09119745265251555
2024-10-09,-0.004159205533937993,-0.005152363554889206,0.6,0.19999999999999996,-0.005192363554889206,1.0805944615984664,0.9120727417244298,0.9092278805964563,-0.09591628587795309
2024-10-10,-0.0019271997231669613,-0.002588352888973111,0.5,0.09999999999999998,-0.0026083528889731112,1.0785119402512182,0.9097119756084338,0.9068562934273676,-0.09827445524555689
2024-10-11,0.0035855665591626117,0.0002837031713532334,0.8,0.30000000000000004,0.0002237031713532334,1.0823790165978406,0.9099700637809318,0.9070591600561689,-0.09807273638150515
2024-10-14,-0.0007594585059181314,0.00011199799081625938,0.5,0.30000000000000004,5.1997990816259365e-05,1.0815569946470582,0.9100719785997782,0.9071063253100433,-0.09802583797593456
2024-10-15,0.003308725501888754,0.002397440666252215,0.7,0.19999999999999996,0.002357440666252215,1.085135569856993,0.9122538221704898,0.9092447746499439,-0.09589948740647025
2024-10-16,0.0010640402625159084,-0.0009304508622400398,0.7,0.0,-0.0009304508622400398,1.086290197793609,0.9114050148150694,0.9083987670653836,-0.09674070850796457
2024-10-17,0.00018758655850148465,-0.0015934709524518032,0.6,0.09999999999999998,-0.0016134709524518033,1.086493971233347,0.9099527173980427,0.9069330920414805,-0.09819809113731914
2024-10-18,-0.0018643792981988482,-0.003306054944758152,0.3,0.3,-0.003366054944758152,1.0844683343657617,0.9069443637171929,0.9038803054224495,-0.10123360591183883
2024-10-21,0.003275513452038359,0.0048307264680921835,0.5,0.2,0.004790726468092183,1.0880205249832864,0.9113255638600886,0.908210548725624,-0.0969278619590489
2024-10-22,-0.0028117157840460093,-0.004980082359622062,0.4,0.09999999999999998,-0.0050000823596220625,1.0849613204998247,0.9067870874956363,0.9036694211821183,-0.10144329702593358
2024-10-23,-0.004428257088412735,0.0014826895148873475,0.4,0.0,0.0014826895148873475,1.0801568328416677,0.9081315712025013,0.9050092823578294,-0.10011101642390219
2024-10-24,-0.008323589132316645,0.0015005123138314923,0.3,0.10000000000000003,0.0014805123138314923,1.0711660511666292,0.9094942338076697,0.906349159744492,-0.09877871970263641
2024-10-25,0.0021891952508945713,0.0037871780369140074,0.3,0.0,0.0037871780369140074,1.0735110427987626,0.9129386503946461,0.9097816653760519,-0.09536563426349465
2024-10-28,0.011136520228321211,0.007091345548506189,0.4,0.10000000000000003,0.007071345548506189,1.0854662202422172,0.9194126138291814,0.9162150459056213,-0.08896865206831817
2024-10-29,0.003078935726768295,0.0010222845650969203,0.6,0.19999999999999996,0.0009822845650969204,1.088808300967921,0.9203525151532543,0.9171150298035239,-0.08807376003692557
2024-10-30,-0.003556234131710345,-0.0020343818827411875,0.6,0.0,-0.0020343818827411875,1.0849362437251293,0.9184801666706913,0.9152492676025019,-0.08992896625790281
2024-10-31,-0.013871915226329556,-0.005026016260398547,0.5,0.09999999999999998,-0.005046016260398547,1.0698861001262019,0.9138638704181509,0.9106309049158618,-0.0945211994922831
2024-11-01,-9.237607146587168e-05,-0.0018377338056352888,0.3,0.2,-0.0018777338056352889,1.0697872682513563,0.9121844318897347,0.9089209824812451,-0.09622144764628249
2024-11-04,0.016325573217480138,0.007800765711117897,0.5,0.2,0.0077607657111178965,1.0872521586263217,0.9193001689282357,0.9159749052762011,-0.08920743404673204
2024-11-05,-0.0023124541372500527,-0.009103065263442489,0.5,0.0,-0.009103065263442489,1.0847379378738724,0.9109317194937883,0.9076367259337962,-0.09749843821606297
2024-11-06,-0.006058890320733856,0.001302532190953043,0.3,0.2,0.001262532190953043,1.0781656296815556,0.9121182373821891,0.9087826465179788,-0.0963590009419254
2024-11-07,-0.0012301263884251235,-0.0013764757230590786,0.3,0.0,-0.0013764757230590786,1.0768393496893913,0.910862728771873,0.9075317292675094,-0.09760284083948978
2024-11-08,0.005140586822854854,0.002098861838532007,0.5,0.2,0.002058861838532007,1.0823749358607362,0.9127745037934335,0.9094002117121551,-0.09574492976529458
2024-11-11,0.0032133128752559136,0.0003807454065638871,0.5,0.0,0.0003807454065638871,1.0858529451779917,0.9131220384929815,0.9097464616654928,-0.09540063880094052
2024-11-12,0.006619813334706959,-0.0009508177898988057,0.4,0.09999999999999998,-0.0009708177898988057,1.0930410889840116,0.9122538258144337,0.9088632636162104,-0.09627883995352371
2024-11-13,0.0005898049285271934,0.0012890970774008914,0.4,0.0,0.0012890970774008914,1.093685770005377,0.9134298095551389,0.9100348765930951,-0.09511385564732244
2024-11-14,0.005956692854744506,-0.00041334040728423503,0.5,0.09999999999999998,-0.00043334040728423503,1.1002005202169038,0.9130522521056318,0.9096405217090294,-0.09550597937766203
2024-11-15,0.006449542556127119,0.0062013260901408905,0.5,0.0,0.0062013260901408905,1.107296310292316,0.9187143868582762,0.915281499208953,-0.08989691700920033
2024-11-18,-0.00533240749174495,0.001994160714318338,0.4,0.09999999999999998,0.001974160714318338,1.1013917551517316,0.9205464509962281,0.9170884119872338,-0.0881002272567798
2024-11-19,0.001181564716885064,0.0015162574188294809,0.5,0.09999999999999998,0.0014962574188294808,1.102693120789087,0.9219422363819283,0.9184606123273923,-0.08673579045658375
2024-11-20,-9.744153490289786e-05,0.0010457031519723547,0.4,0.09999999999999998,0.0010257031519723546,1.1025856726788705,0.9229063142844494,0.9194026802724189,-0.08579905247827169
2024-11-21,-0.0038947502555165435,-0.0011614611988054468,0.4,0.0,-0.0011614611988054468,1.0982913768484757,0.9218343944102754,0.9183348297332048,-0.08686086140672922
2024-11-22,0.0008794261826324367,-0.0027991033900863437,0.5,0.09999999999999998,-0.0028191033900863438,1.0992572430414356,0.9192540846317834,0.9157459489014695,-0.0894350950479581
2024-11-25,-0.00727150907008659,-0.0010029255531712523,0.5,0.0,-0.0010029255531712523,1.0912639840283014,0.918332141220449,0.9148275238891032,-0.09034832385895553
2024-11-26,0.005415264242083906,-0.0019806649579695466,0.4,0.09999999999999998,-0.0020006649579695467,1.097173466859684,0.9165132329285566,0.9129972605194722,-0.09216823209136915
2024-11-27,-0.0012070683364665325,-0.0028870668456783656,0.4,0.0,-0.0028870668456783656,1.0958491035082265,0.913867197960143,0.9103613763984312,-0.09478920308995176
2024-11-28,-0.0013799231193620254,0.00038692360269886316,0.4,0.0,0.00038692360269886316,1.0943369159949632,0.914220794748766,0.9107136167019451,-0.0944389556672095
2024-11-29,-0.0047836867260173666,0.00013567702998623643,0.6,0.19999999999999996,9.567702998623643e-05,1.0891019510161273,0.9143448335109493,0.9108007510759591,-0.09435231427601654
2024-12-02,0.00772971909531669,0.0013761439673430132,0.4,0.19999999999999996,0.0013361439673430133,1.0975204031636434,0.9156031036376566,0.9120177120049607,-0.09314223858419823
2024-12-03,0.0032962123628331175,0.0022891006941572756,0.5,0.09999999999999998,0.0022691006941572755,1.101138063485013,0.9176990113377661,0.914087172028355,-0.09108448700826766
2024-12-04,-0.0004032455017755288,-0.0016468139956686168,0.6,0.09999999999999998,-0.0016668139956686168,1.1006940345140788,0.9161877317620839,0.912563558736757,-0.09259948010620267
2024-12-05,-0.0015321768937749947,0.0005981604182021316,0.4,0.19999999999999996,0.0005581604182021316,1.0990075765472802,0.9167357589988664,0.9130729155943375,-0.09209300505254192
2024-12-06,0.0029027380853292152,-0.0038405883084297932,0.4,0.0,-0.0038405883084297932,1.1021977076957894,0.9132149543609358,0.9095661784299619,-0.09557990204247879
2024-12-09,0.0035373975061284146,-0.0026116699361035224,0.2,0.2,-0.0026516699361035225,1.1060966191182529,0.9108299383194312,0.9071543091397226,-0.09797812562584052
2024-12-10,0.0025355990538504457,-0.00011779197425729749,0.2,0.0,-0.00011779197425729749,1.1089012366591564,0.9107226498627838,0.907047453642693,-0.09808437656324642
2024-12-11,0.002375801906361541,-0.003457656133121223,0.4,0.2,-0.0034976561331212233,1.111535766331178,0.9075736841069134,0.9038749135534276,-0.10123896727511783
2024-12-12,0.0001887166156578357,-0.0019235496580608969,0.4,0.0,-0.0019235496580608969,1.1117455315991827,0.9058279210571846,0.9021362652725322,-0.10296777875229413
2024-12-13,0.005156439778324351,0.002055356689031984,0.4,0.0,0.002055356689031984,1.1174781804816951,0.9076897205338414,0.9039904770797784,-0.10112405757607545
2024-12-16,-0.009326852962439392,-0.00888149112172677,0.4,0.0,-0.00888149112172677,1.107055625803608,0.8996280823396375,0.8959616936834688,-0.10910741627824738
2024-12-17,0.005353848778179027,0.00442458921151726,0.4,0.0,0.00442458921151726,1.1129826342131928,0.9036085670471355,0.8999259561272734,-0.10516558256369135
2024-12-18,0.0009800364078224044,0.0030572416357498413,0.4,0.0,0.0030572416357498413,1.1140733977159956,0.9063711167807323,0.9026772472294378,-0.10242985752560307
2024-12-19,0.003584327172017099,0.0018935094801136088,0.4,0.0,0.0018935094801136088,1.1180666012670504,0.9080873390828578,0.9043864751545495,-0.10073029995176086
2024-12-20,0.004933758239423181,-0.002992903722232876,0.4,0.0,-0.002992903722232876,1.1235828715732754,0.9053695211056041,0.9016797335067224,-0.10342172758432655
2024-12-23,-0.007372302970661692,-0.002267358481351356,0.1,0.30000000000000004,-0.002327358481351356,1.1152994782313912,0.9033167238431682,0.8995812015314829,-0.10550838663082851
2024-12-24,0.009649015534075189,0.00418425466803507,0.4,0.30000000000000004,0.00412425466803507,1.1260610202219918,0.9070964310616231,0.9032913035011758,-0.10181927541887237
2024-12-25,0.0035786707682009373,0.0027988298971421805,0.42857142857142855,0.028571428571428525,0.002793115611427895,1.1300908218782706,0.9096352396724693,0.9058143005426519,-0.09931055281516132
2024-12-26,-0.001766564359709217,-0.0004859172312563815,0.42857142857142855,0.0,-0.0004859172312563815,1.1280944437091058,0.9091932322353544,0.9053741497656997,-0.09974821333755923
2024-12-27,-0.0023084634790276576,-0.006292928534799236,0.42857142857142855,0.0,-0.006292928534799236,1.1254902788849093,0.9034717442005742,0.8996766949439696,-0.10541343349435128
2024-12-30,0.00800297747597897,0.005110300822789642,0.42857142857142855,0.0,0.005110300822789642,1.1344975522362584,0.9080887565983297,0.9042743134983865,-0.10084182702748079
2024-12-31,0.0012163229079444418,-0.0007710160215430584,0.42857142857142855,0.0,-0.0007710160215430584,1.1358774675980503,0.9073886056180093,0.9035771035148094,-0.10153509238474401
2025-11-05,2.6434747711916,0.0,0.0,0.42857142857142855,-8.571428571428571e-05,4.1385408963585,0.9073886056180093,0.9034996540487938,-0.10161210366253959
2025-11-06,-0.020931474177459743,0.0,0.0,0.0,0.0,4.051915134454011,0.9073886056180093,0.9034996540487938,-0.10161210366253959
2025-11-07,-0.007492020291210972,0.0,0.0,0.0,0.0,4.021558104048417,0.9073886056180093,0.9034996540487938,-0.10161210366253959
2025-11-10,0.027067223217527556,0.0,0.0,0.0,0.0,4.130410514932952,0.9073886056180093,0.9034996540487938,-0.10161210366253959
2025-11-11,-0.0022445784286222936,-0.004227222162414335,0.14285714285714285,0.14285714285714285,-0.004255793590985763,4.121139484589778,0.9035528723944186,0.8996545460116352,-0.10543545711399172
2025-11-12,-0.011873265698099624,0.0,0.0,0.14285714285714285,-2.857142857142857e-05,4.072208100510315,0.9035528723944186,0.899628841596035,-0.10546101610093117
2025-11-13,-0.024795231331896254,-0.0051157305027274,0.14285714285714285,0.14285714285714285,-0.005144301931298828,3.9712367586265396,0.8989305394042836,0.8950008792087604,-0.11006279472342528
2025-11-14,0.002096124364287157,0.002530542346447292,0.14285714285714285,0.0,0.002530542346447292,3.9795609647526495,0.9012053212007608,0.8972657168337056,-0.10781077093979397
2025-11-17,-0.002820548913893241,-0.002681811011200495,0.14285714285714285,0.0,-0.002681811011200495,3.9683364183957446,0.8987884588470122,0.8948594197543283,-0.11020345383836216
2025-11-18,-0.018285343871089408,-0.004011636809064452,0.14285714285714285,0.0,-0.004011636809064452,3.895774022389211,0.8951828459819392,0.8912695687671037,-0.11377299441552258
2025-11-19,0.006323477272663596,0.0040645283256663944,0.14285714285714285,0.0,0.0040645283256663944,3.920408860879223,0.8988213420160834,0.8948921591751621,-0.11017089964835403
2025-11-20,-0.016861283277171086,-0.004503538494531429,0.14285714285714285,0.0,-0.004503538494531429,3.854305736513607,0.8947734655026076,0.8908619778878624,-0.11417827925534196
2025-11-21,0.006650423369792983,-0.0028882926942509013,0.2857142857142857,0.14285714285714285,-0.00291686412282233,3.8799385014580445,0.8921890978391869,0.8882634545461747,-0.11676210085179872
2025-11-24,0.03273792777806693,0.007118319113329242,0.42857142857142855,0.14285714285714285,0.007089747684757814,4.006959647902119,0.8985399845470395,0.8945610183164984,-0.11050016700122256
2025-11-25,0.008015952075734467,0.003595299250227343,0.42857142857142855,0.0,0.003595299250227343,4.039079244409105,0.9017705046797807,0.8977772328749343,-0.10730214891856471
2025-11-26,0.0048090548205632,0.004677166048232032,0.42857142857142855,0.0,0.004677166048232032,4.0585033979200675,0.9059882350675661,0.9019762860674126,-0.10312685283815681
2025-11-28,0.007070205873916713,0.001862963933561414,0.42857142857142855,0.0,0.001862963933561414,4.087197852483353,0.907676058473728,0.9036566353572839,-0.10145601051201458
2025-12-01,-0.0005230485022190701,-0.0011258883476383977,0.2857142857142857,0.14285714285714285,-0.0011544597762098263,4.085060049768338,0.9066541165760621,0.9026134001202588,-0.10249334340503358
2025-12-02,0.005575885927103309,0.0012866424647547234,0.2857142857142857,0.0,0.0012866424647547234,4.107837878611214,0.9078206562632934,0.9037747408501101,-0.10133857322825857
2025-12-03,-0.001414448161929752,-0.004820449354190459,0.2857142857142857,0.0,-0.004820449354190459,4.102027554874307,0.9034445527670883,0.8994181404842455,-0.10567052512257635
2025-12-04,0.006690899091390788,0.0038178898210311824,0.42857142857142855,0.14285714285714285,0.003789318392459754,4.129473807314075,0.906893804528964,0.9028263221864944,-0.10228162599450441
2025-12-05,0.003575386495292051,0.0001955010982475239,0.42857142857142855,0.0,0.0001955010982475239,4.144238272197408,0.9070711032637432,0.9030028257240086,-0.10210612106646944
2025-12-08,-0.006919054959244212,-0.0020991780002691213,0.2857142857142857,0.14285714285714285,-0.00212774942884055,4.1155640598278715,0.9051669995590921,0.901081461977333,-0.10401661425452968
2025-12-09,0.001366462106393161,0.0021044916169367734,0.5714285714285714,0.2857142857142857,0.002047348759793916,4.12118782216206,0.9070719159215921,0.9029262899909855,-0.10218222378092778
2025-12-10,0.00035714671784590834,0.00234438880285475,0.42857142857142855,0.14285714285714285,0.0023158173742833213,4.122659690866372,0.9091984451646626,0.9050173023810436,-0.10010304177581941
2025-12-11,-0.006405511135075053,-0.003653692002044208,0.5714285714285714,0.14285714285714285,-0.0036822634306156368,4.096251948310402,0.9058765140772934,0.9016847902644115,-0.10341669943641052
2025-12-12,-0.00796821783800943,-0.011955084575043304,0.7142857142857143,0.1428571428571429,-0.011983656003614732,4.063612120466894,0.895046683736954,0.8908793099141913,-0.1141610452889501
2025-12-15,0.0008053503961781283,-0.0031762366851075174,0.7142857142857143,0.0,-0.0031762366851075174,4.0668847520980265,0.8922038036251848,0.8880496663680386,-0.11697467947400053
2025-12-16,0.0076457525217402044,0.002794296120980636,0.7142857142857143,0.0,0.002794296120980636,4.097979146447006,0.8946968852527788,0.890531140106009,-0.1145072452461271
2025-12-17,-0.020649332541079448,-0.00685898790939735,0.42857142857142855,0.28571428571428575,-0.0069161307665402075,4.013358612305613,0.8885601701342546,0.8843721102893597,-0.12063142893082879
2025-12-18,0.0197382051597693,0.012454485727697648,0.7142857142857143,0.28571428571428575,0.012397342870554792,4.092575107975027,0.8996267300913922,0.895335974565773,-0.10972959524569448
2025-12-19,0.007697907324366244,0.0013703844527099829,0.42857142857142855,0.28571428571428575,0.0013132415955671257,4.124079371874227,0.9008595645755517,0.8965117670095805,-0.10856045511886858
2025-12-22,0.005152387080848864,0.0025322710815244764,0.5714285714285714,0.14285714285714285,0.002503699652953048,4.145328225150267,0.9031407851994412,0.8987563632095107,-0.1063285582397211
2025-12-23,0.009838313362020647,0.005170572368519525,0.42857142857142855,0.14285714285714285,0.005142000939948097,4.186111263217724,0.9078105399882765,0.9033777692739183,-0.10173329884618498
2025-12-24,0.0011940522422891104,0.00013726310843039817,0.5714285714285714,0.14285714285714285,0.0001086916798589696,4.191109698758041,0.9079351488848613,0.9034759589212079,-0.10163566472947527
2025-12-26,-0.0029446798069645403,-0.00026380063948913283,0.14285714285714285,0.42857142857142855,-0.00034951492520341853,4.178768222659334,0.9076956350119707,0.9031601805890025,-0.10194965647292276
2025-12-29,-0.007641825438901113,-0.0019857011135616665,0.42857142857142855,0.2857142857142857,-0.0020428439707045236,4.146834805352144,0.9058932227787524,0.9013151652595058,-0.10378423320258612
2025-12-30,-0.0003889502001174851,-0.00010082430275837329,0.42857142857142855,0.0,-0.00010082430275837329,4.145221893124748,0.9058018867261922,0.901224290786403,-0.10387459353239459
2025-12-31,-0.006736799213588147,-0.003486733287583294,0.5714285714285714,0.14285714285714285,-0.0035153047161547227,4.117296365534997,0.9026435971357882,0.8980562127866883,-0.10702474740001622
2026-01-02,-0.00928943920905878,0.0009812870835234871,0.14285714285714285,0.42857142857142855,0.0008955727978092014,4.079048991241681,0.9035293496386828,0.8988604875017637,-0.10622502305467074
2026-01-05,0.008487084219532768,0.004631446214331774,0.5714285714285714,0.42857142857142855,0.004545731928617488,4.113668223565949,0.9077139972246046,0.9029464663191732,-0.10216216160497105
2026-01-06,-0.0032671929911712383,-0.00361205069588934,0.2857142857142857,0.2857142857142857,-0.003669193553032197,4.100228075577911,0.9044352882492609,0.8996333809662217,-0.10545650241327842
2026-01-07,0.0025565987691999075,0.002366776116084268,0.2857142857142857,0.0,0.002366776116084268,4.110710713629373,0.9065758840880329,0.9017626117655246,-0.10333931822839171
2026-01-08,-0.0001592799514652521,-0.001539408073141822,0.2857142857142857,0.0,-0.001539408073141822,4.110055959826418,0.9051802938531521,0.9003744311209153,-0.10471964492077979
2026-01-09,0.006965741039722219,-0.00013896609227346892,0.14285714285714285,0.14285714285714285,-0.00016753752084489748,4.138685545301336,0.9050545044849124,0.9002235846208932,-0.10486963797193083
2026-01-12,-0.0003324042083444929,6.182284663295132e-05,0.14285714285714285,0.0,6.182284663295132e-05,4.137309828809063,0.9051104575307376,0.9002792390055006,-0.1048142984648428
2026-01-13,-0.004292775130749137,-0.00224310115980502,0.14285714285714285,0.0,-0.00224310115980502,4.119549288067748,0.9030802032136988,0.898259821600339,-0.1068222905501971
2026-01-14,-0.01571509148283298,-0.005556497988787846,0.2857142857142857,0.14285714285714285,-0.0055850694173592745,4.0548101941377235,0.8980622398808277,0.8932429781418764,-0.11181075005951213
2026-01-15,0.0018849153036078242,0.0009236062901814002,0.14285714285714285,0.14285714285714285,0.0008950348616099716,4.062453167925878,0.898891695814556,0.8940424617472016,-0.11101578971710835
2026-01-16,-0.0022126535925783364,-0.0012558752845824386,0.42857142857142855,0.2857142857142857,-0.0013130181417252958,4.053464366329186,0.897762799950266,0.8928685677754549,-0.11218304211291696
2026-01-20,-0.030843549036581437,-0.0083143242393828,0.2857142857142857,0.14285714285714285,-0.008342895667954228,3.928441139378276,0.8902985089414233,0.8854194584693086,-0.11959000636480932
2026-01-21,0.010756368123123814,0.00019171304885591743,0.14285714285714285,0.14285714285714285,0.00016314162028448887,3.9706968984234523,0.8904691907829644,0.8855639072343947,-0.11944637485193299
2026-01-22,0.020674495577096236,0.0018713291377681074,0.14285714285714285,0.0,0.0018713291377681074,4.052789053887898,0.8921355517259614,0.8872210887773582,-0.11779856919582621
2026-01-23,0.010868657861898627,0.0029383435545422237,0.14285714285714285,0.0,0.0029383435545422237,4.096837431501053,0.8947569524741533,0.8898280491450211,-0.11520635830781467
2026-01-26,0.0050787529687654764,0.0025072407132216623,0.2857142857142857,0.14285714285714285,0.0024786692846502337,4.1176442567688385,0.8970003235338346,0.892033638599057,-0.1130132474848986
2026-01-27,0.009321004129948154,0.0053505526742326625,0.2857142857142857,0.0,0.0053505526742326625,4.156024835891838,0.9017997710137061,0.8968065115695686,-0.10826737814422005
2026-01-28,0.0005072412654789479,-0.0009750344473247978,0.14285714285714285,0.14285714285714285,-0.0010036058758962263,4.158132943188957,0.9009204851723781,0.8959064712850154,-0.10916232624324285
2026-01-29,-0.0023819833357395315,0.000272556389831226,0.2857142857142857,0.14285714285714285,0.00024398496125979744,4.148228339810491,0.9011660368073416,0.8961250589907044,-0.10894497524792246
2026-01-30,-0.0024301063090183617,-0.0014360768507957358,0.14285714285714285,0.14285714285714285,-0.0014646482793671644,4.138147703950669,0.8998718931231593,0.8948125509649558,-0.1102500574567471
2026-02-02,-0.0009023207947685963,0.0021849441824368654,0.14285714285714285,0.0,0.0021849441824368654,4.1344137672255705,0.9018380629809772,0.8967676664425582,-0.10830600349596364
2026-02-03,-0.015569842177010915,-0.0028322732833018227,0.2857142857142857,0.14285714285714285,-0.0028608447118732513,4.070041597375407,0.8992838111293315,0.8942021534062372,-0.11085700155047118
2026-02-04,-0.016386088660068805,-0.004526169705117941,0.42857142857142855,0.14285714285714285,-0.004554741133689369,4.003349534910645,0.8952134999870949,0.8901292940762842,-0.11490681773924127
2026-02-05,-0.019190702983803765,-0.008977716704465519,0.42857142857142855,0.0,-0.008977716704465519,3.9265224430458256,0.8871765267941977,0.8821379654437214,-0.12285293358663218
2026-02-06,0.006680707612298014,-0.00884301276135524,0.42857142857142855,0.0,-0.00884301276135524,3.952754391420941,0.8793312134461818,0.8743372081580266,-0.1306095562885109
2026-02-09,0.011327831395587034,0.003996586195141871,0.42857142857142855,0.0,0.003996586195141871,3.997530526715124,0.8828455364347981,0.8778315721740498,-0.1271349624429854
2026-02-10,-0.004133783692581867,-0.0025757731753120222,0.2857142857142857,0.14285714285714285,-0.002604344603883451,3.981005600213191,0.8805715265841054,0.8755453962559397,-0.12940820379346563
2026-02-11,-0.005791581517717669,-0.004454895594259679,0.42857142857142855,0.14285714285714285,-0.004483467022831107,3.957949281757066,0.8766486723698953,0.8716199173448347,-0.1333114734021048
2026-02-12,-0.022177697816954382,-0.0063741931158670185,0.42857142857142855,0.0,-0.0063741931158670185,3.8701710786114263,0.8710607444374411,0.8660640436680426,-0.13883591344194612
2026-02-13,-0.010765225786583772,-0.005343764875324191,0.42857142857142855,0.0,-0.005343764875324191,3.8285078131174677,0.8664060006270425,0.861436001051708,-0.14343777183958573
2026-02-17,0.0021536164824179477,0.006219952012581504,0.2857142857142857,0.14285714285714285,0.006191380584010076,3.836752950646863,0.8717950043743553,0.866769479182987,-0.1381344690911568
2026-02-18,0.00788848839306471,0.0038258941254543733,0.42857142857142855,0.14285714285714285,0.0037973226968829447,3.867019131765098,0.8751303997601916,0.8700608825992541,-0.13486168754897543
2026-02-19,-0.002200997532439884,-0.002049591063367741,0.5714285714285714,0.14285714285714285,-0.0020781624919391697,3.8585078321981854,0.8733367403135617,0.8682527547073329,-0.1366595855402507
2026-02-20,0.01504327555107681,0.0058539471265557684,0.2857142857142857,0.2857142857142857,0.005796804269412911,3.9165524287339304,0.8784492074150358,0.8732858459827499,-0.13165497013975358
2026-02-23,-0.015467155818956508,-0.007015811496648682,0.42857142857142855,0.14285714285714285,-0.00704438292522011,3.8559745020455902,0.8722861733664315,0.8671340860804726,-0.13777192504130098
2026-02-24,0.011742243561500507,0.004881902441870446,0.2857142857142857,0.14285714285714285,0.004853331013299018,3.9012522938155447,0.876544589366199,0.8713425748331356,-0.1335872467845668
2026-02-25,0.01572256783722497,0.0023437265498899495,0.2857142857142857,0.0,0.0023437265498899495,3.9625899976551895,0.8785989701924589,0.8733847635598215,-0.13155661221169257
2026-02-26,-0.014719923452936807,-0.004364920849877052,0.2857142857142857,0.0,-0.004364920849877052,3.904260976214332,0.8747639552287854,0.8695725081953943,-0.1353472988619876
2026-02-27,-0.014310483428226781,0.003464758691265533,0.2857142857142857,0.0,0.003464758691265533,3.848389114214744,0.87779480124547,0.8725853671008499,-0.1323514859007935
2026-03-02,0.004647227034838409,-0.003496352505590391,0.2857142857142857,0.0,-0.003496352505590391,3.8662734521469004,0.8747257211927412,0.8695345010662453,-0.135385090957036
2026-03-03,-0.005159571378594336,-0.0016606052261328402,0.42857142857142855,0.14285714285714285,-0.0016891766547042688,3.846325138301384,0.8732731470886956,0.8680657036865843,-0.13684557827670063
2026-03-04,0.015157161997545576,-0.00021175872681241818,0.14285714285714285,0.2857142857142857,-0.0002689015839552753,3.9046245115178495,0.8730882238789086,0.8678322794438857,-0.13707768186789993
2026-03-05,-0.00037998736763601915,-0.0008262245663484309,0.2857142857142857,0.14285714285714285,-0.0008547959949198595,3.9031408035281108,0.8723668569397504,0.8670904598871549,-0.1378153044093663
2026-03-06,-0.017816372373901705,-0.0052920060326739115,0.2857142857142857,0.0,-0.0052920060326739115,3.8336009935446844,0.8677502862701204,0.8625018119425581,-0.14237799101971094
2026-03-09,0.010582405632939171,0.005094630761444817,0.2857142857142857,0.0,0.005094630761444817,3.8741697142932128,0.8721711535718046,0.8668959402054826,-0.13800872355106797
2026-03-10,0.0034588334338792525,0.0014013935369620192,0.42857142857142855,0.14285714285714285,0.0013728221083905907,3.8875698220295325,0.873393408589545,0.8680860341178707,-0.13682536286951907
2026-03-11,0.0035504814201246593,-0.0011307226234753553,0.2857142857142857,0.14285714285714285,-0.001159294052046784,3.9013725664520855,0.8724058429032585,0.867079667141853,-0.137826036092222
2026-03-12,-0.018656250419195258,-0.007245373479314088,0.42857142857142855,0.14285714285714285,-0.007273944907885516,3.828587582873777,0.8660849367458886,0.8607725774123155,-0.14409744200670038
2026-03-13,-0.016369108791313147,-0.005016108410140362,0.42857142857142855,0.0,-0.005016108410140362,3.7659170162126454,0.8617405608107817,0.8564548488475394,-0.14839074202611124
2026-03-16,0.0146255103104482,0.003092240747598491,0.2857142857142857,0.14285714285714285,0.0030636693190270623,3.8209954743615557,0.864405270086779,0.8590787432910857,-0.14578169287065712
2026-03-17,0.004687656798345945,0.0007967272028659433,0.14285714285714285,0.14285714285714285,0.0007681557742945148,3.8389069897733963,0.8650939652797579,0.8597386495883184,-0.1451255201455276
2026-03-18,-0.015283324173009387,-0.0024106405336000564,0.14285714285714285,0.0,-0.0024106405336000564,3.7802357297786577,0.8630085347016817,0.8576661287513182,-0.14718631521780512
2026-03-19,-0.010665517797173047,-0.0005601344322637385,0.14285714285714285,0.0,-0.0005601344322637385,3.739917558325194,0.8625251339060578,0.8571857204212182,-0.14766400552695735
2026-03-20,-0.0207475623265998,-0.01036314194608358,0.5714285714285714,0.42857142857142855,-0.010448856231797867,3.662323385687497,0.8535866635113246,0.8482291100645868,-0.15656994179439265
2026-03-23,0.016199104035781304,0.005334263461648321,0.2857142857142857,0.2857142857142857,0.005277120604505464,3.7216497432249236,0.8581399196618433,0.85270531737865,-0.15211905965577655
2026-03-24,-0.0133835044117688,-0.0018862683438724468,0.2857142857142857,0.0,-0.0018862683438724468,3.6718410274674147,0.856521237496772,0.8510968863318269,-0.1537183906329207
