date,ret_1d,gross_ret,signal,pos_change,net_ret,buy_hold_equally_weighted,strategy_curve_gross,strategy_curve_net,strategy_dd
2024-04-04,-0.005911701276714742,0.0,0.0,0.0,0.0,0.9940882987232853,1.0,1.0,0.0
2024-04-05,0.008858041023224772,0.0,0.0,0.0,0.0,1.002893973654084,1.0,1.0,0.0
2024-04-08,0.0012411177722534527,0.0,0.0,0.0,0.0,1.0041386831884722,1.0,1.0,0.0
2024-04-09,0.0013450997800198983,0.0,0.0,0.0,0.0,1.0054893499103386,1.0,1.0,0.0
2024-04-10,-0.0010497768430920208,0.0,0.0,0.0,0.0,1.004433810474827,1.0,1.0,0.0
2024-04-11,-0.0022203665170386633,0.0,0.0,0.0,0.0,1.002203599273467,1.0,1.0,0.0
2024-04-12,0.004903549083192693,0.0,0.0,0.0,0.0,1.007117953813857,1.0,1.0,0.0
2024-04-15,-0.005596258091915773,0.0,0.0,0.0,0.0,1.0014818618153125,1.0,1.0,0.0
2024-04-16,0.004490573055615543,0.0,0.0,0.0,0.0,1.005979089279668,1.0,1.0,0.0
2024-04-17,0.003075412397373778,0.0,0.0,0.0,0.0,1.0090728898423376,1.0,1.0,0.0
2024-04-18,-0.004020279095485535,0.0027769929674844596,0.1,0.1,0.0027569929674844595,1.0050161351974833,1.0027769929674846,1.0027569929674844,0.0
2024-04-19,0.001364068543903918,0.0,0.0,0.1,-2e-05,1.0063870460936222,1.0027769929674846,1.002736937827625,-2.0000000000131024e-05
2024-04-22,-0.0021364017793179314,0.0,0.0,0.0,0.0,1.0042369990176652,1.0027769929674846,1.002736937827625,-2.0000000000131024e-05
2024-04-23,-0.005628159556175361,-0.001763872786084275,0.1,0.1,-0.001783872786084275,0.998584992954979,1.001008221919078,1.0009481826926327,-0.0018038371086287475
2024-04-24,0.003499089702085789,0.0008420171827464795,0.2,0.1,0.0008220171827464795,1.0020791314204853,1.0018510880420044,1.0017709792978449,-0.0009833027109804604
2024-04-25,0.0010240348215895367,0.0,0.0,0.2,-4e-05,1.003105295345048,1.0018510880420044,1.001730908458673,-0.0010232633788720413
2024-04-26,0.006024447377371534,0.0,0.0,0.0,0.0,1.0091484504108172,1.0018510880420044,1.001730908458673,-0.0010232633788720413
2024-04-29,0.0016402813137485484,-0.0005308489561076657,0.1,0.1,-0.0005508489561076657,1.0108037377568244,1.001319256437742,1.0011791060334476,-0.001573548671415681
2024-04-30,0.006835505135011554,0.0014353750252724673,0.1,0.0,0.0014353750252724673,1.01771309189675,1.002756525090757,1.0026161735180728,-0.000140432278607161
2024-05-01,-0.001580828753488206,0.0,0.0,0.1,-2e-05,1.0161042617782783,1.002756525090757,1.0025961211946024,-0.00016042946996153162
2024-05-02,0.0034894040825247164,0.0,0.0,0.0,0.0,1.019649860137598,1.002756525090757,1.0025961211946024,-0.00016042946996153162
2024-05-03,-0.002882468599446797,0.0,0.0,0.0,0.0,1.0167107514333211,1.002756525090757,1.0025961211946024,-0.00016042946996153162
2024-05-06,0.0003266946736558252,0.0,0.0,0.0,0.0,1.0170429054204628,1.002756525090757,1.0025961211946024,-0.00016042946996153162
2024-05-07,0.0007119063687258453,0.0,0.0,0.0,0.0,1.017766944742099,1.002756525090757,1.0025961211946024,-0.00016042946996153162
2024-05-08,-0.0037691632477746097,0.0,0.0,0.0,0.0,1.013930814979177,1.002756525090757,1.0025961211946024,-0.00016042946996153162
2024-05-09,0.007545111804597315,0.0,0.0,0.0,0.0,1.0215810363403213,1.002756525090757,1.0025961211946024,-0.00016042946996153162
2024-05-10,-0.0002813565874946078,0.0,0.0,0.0,0.0,1.0212936077860872,1.002756525090757,1.0025961211946024,-0.00016042946996153162
2024-05-13,-0.001132216006738851,0.0,0.0,0.0,0.0,1.0201372828157718,1.002756525090757,1.0025961211946024,-0.00016042946996153162
2024-05-14,-0.001394132182999408,0.0,0.0,0.0,0.0,1.0187150765987207,1.002756525090757,1.0025961211946024,-0.00016042946996153162
2024-05-15,-0.002710109288324414,0.0,0.0,0.0,0.0,1.0159542474074745,1.002756525090757,1.0025961211946024,-0.00016042946996153162
2024-05-16,0.0009393203856072563,0.0,0.0,0.0,0.0,1.0169085539429086,1.002756525090757,1.0025961211946024,-0.00016042946996153162
2024-05-17,0.004546742588317254,0.0,0.0,0.0,0.0,1.021532175373545,1.002756525090757,1.0025961211946024,-0.00016042946996153162
2024-05-20,0.0026497355880732098,0.0,0.0,0.0,0.0,1.024238965532994,1.002756525090757,1.0025961211946024,-0.00016042946996153162
2024-05-21,-0.006664654633887201,-0.002523742058186862,0.1,0.1,-0.002543742058186862,1.0174127665651467,1.0002258262742643,1.0000457752737446,-0.0027037634369584396
2024-05-22,0.005205233033249301,0.0004772749927060893,0.1,0.0,0.0004772749927060893,1.0227086371061211,1.0007032090482038,1.000523072113844,-0.002227778882927023
2024-05-23,-0.0038362724222165577,-4.288868344507479e-05,0.1,0.0,-4.288868344507479e-05,1.0187852481656283,1.0006602902050485,1.0004801609965248,-0.0022705720198686885
2024-05-24,0.0037877756620042446,0.0005613102519254287,0.1,0.0,0.0005613102519254287,1.022644178133439,1.0012219710846355,1.0010417407677403,-0.0017105362632955368
2024-05-27,-0.0005646785209398097,-0.00010272742142035663,0.1,0.0,-0.00010272742142035663,1.0220667129314829,1.0011191181332766,1.000938906330977,-0.0018130879657364263
2024-05-28,-0.004208621444608806,0.0001986064428984191,0.2,0.1,0.0001786064428984191,1.0177652210456187,1.0013179468402467,1.0011176804685953,-0.0016348053520304218
2024-05-29,0.0004780241548768438,0.0027701339150624895,0.1,0.1,0.0027501339150624894,1.018251737405272,1.0040917316445497,1.0038708881546206,0.0
2024-05-30,0.00929124659751659,0.0009397163528430009,0.1,0.0,0.0009397163528430009,1.027712565395854,1.0050352930645305,1.0048142420443626,0.0
2024-05-31,0.0023598727042739576,0.0,0.0,0.1,-2e-05,1.0301378362267712,1.0050352930645305,1.0047941457595218,-2.0000000000020002e-05
2024-06-03,0.002538315494318788,0.0008738364533311449,0.1,0.1,0.0008538364533311448,1.0327526510577498,1.0059135295404946,1.0056520756292648,0.0
2024-06-04,-0.005065247851513621,-0.002945168770897277,0.2,0.1,-0.0029651687708972772,1.0275215029108347,1.002950944427069,1.0026701475002209,-0.002965168770897364
2024-06-05,0.0018631880613847462,0.0,0.0,0.2,-4e-05,1.0294359687078745,1.002950944427069,1.002630040694321,-0.0030050501641464278
2024-06-06,0.00238277696062551,-0.0032829445013257018,0.1,0.1,-0.003302944501325702,1.0318888850165508,0.9996583121389627,0.9993184093145456,-0.006298069151556285
2024-06-07,0.0019863131283286094,0.0036710332593131723,0.1,0.0,0.0036710332593131723,1.0339385394558356,1.0033280910507738,1.0029869404317833,-0.0026501563135679085
2024-06-10,0.0011610435163070365,0.0,0.0,0.1,-2e-05,1.0351389870933307,1.0033280910507738,1.0029668806929746,-0.002670103310441707
2024-06-11,0.01063544258507485,0.0,0.0,0.0,0.0,1.0461481483581343,1.0033280910507738,1.0029668806929746,-0.002670103310441707
2024-06-12,-0.0007106993534394923,0.0,0.0,0.0,0.0,1.0454046515454942,1.0033280910507738,1.0029668806929746,-0.002670103310441707
2024-06-13,0.0016706349356606198,0.0,0.0,0.0,0.0,1.0471511410782681,1.0033280910507738,1.0029668806929746,-0.002670103310441707
2024-06-14,0.0028685625369701873,0.0,0.0,0.0,0.0,1.050154959612111,1.0033280910507738,1.0029668806929746,-0.002670103310441707
2024-06-17,-0.004619216718514308,0.0,0.0,0.0,0.0,1.0453040662656399,1.0033280910507738,1.0029668806929746,-0.002670103310441707
2024-06-18,0.009955965210545325,0.000605843972215836,0.1,0.1,0.0005858439722158359,1.0557110771838223,1.0039359513268917,1.0035544627943607,-0.002085823602155479
2024-06-19,0.0028030529415974947,0.0003455000256693097,0.1,0.0,0.0003455000256693097,1.0586702912241994,1.0042828112238456,1.0039011908870168,-0.001741044228594113
2024-06-20,0.005483654931624049,-0.0010334222894086253,0.1,0.0,-0.0010334222894086253,1.0644756737876349,1.003244962981857,1.0028637370199902,-0.0027726672840902022
2024-06-21,-0.000826925871279649,-7.800118604402994e-05,0.1,0.0,-7.800118604402994e-05,1.063595431313632,1.0031667086848517,1.0027855124590621,-0.0028504521987975373
2024-06-24,-0.003398243597428063,-0.00011360068032393312,0.1,0.0,-0.00011360068032393312,1.0599810749489167,1.0030527482642668,1.0026715953426277,-0.002963729065812437
2024-06-25,-0.004896870051607116,0.00036666199254411504,0.1,0.0,0.00036666199254411504,1.054790485367729,1.0034205295835723,1.0030392369076435,-0.0025981537600728855
2024-06-26,-0.005205669515440947,-0.00034510677337112883,0.1,0.0,-0.00034510677337112883,1.049299594692873,1.0030742423622734,1.0026930812730297,-0.002942363892983191
2024-06-27,-0.003948756768200734,-0.0006360437562105359,0.1,0.0,-0.0006360437562105359,1.0451561658164592,1.0024362432534033,1.0020553245992905,-0.003576536177011147
2024-06-28,-0.010982766969376324,-0.0019517514128429615,0.1,0.0,-0.0019517514128429615,1.0336774592006903,1.0004797368993485,1.000099561703757,-0.005521307080317617
2024-07-01,0.0044422887669539725,0.0,0.0,0.1,-2e-05,1.0382693529663511,1.0004797368993485,1.0000795597125227,-0.005541196654176073
2024-07-02,-0.0019646843207882458,0.0,0.0,0.0,0.0,1.0362294814478232,1.0004797368993485,1.0000795597125227,-0.005541196654176073
2024-07-03,0.011165574069958361,0.0,0.0,0.0,0.0,1.0477995784764034,1.0004797368993485,1.0000795597125227,-0.005541196654176073
2024-07-04,0.0059715432782802115,0.0,0.0,0.0,0.0,1.0540565590062392,1.0004797368993485,1.0000795597125227,-0.005541196654176073
2024-07-05,0.002300000465376395,0.0,0.0,0.0,0.0,1.0564808895824866,1.0004797368993485,1.0000795597125227,-0.005541196654176073
2024-07-08,0.00870565854692611,0.0,0.0,0.0,0.0,1.0656782514685446,1.0004797368993485,1.0000795597125227,-0.005541196654176073
2024-07-09,-0.0008764573699548084,0.0,0.0,0.0,0.0,1.0647442299110443,1.0004797368993485,1.0000795597125227,-0.005541196654176073
2024-07-10,-0.002071913545907278,-1.0743124666223735e-05,0.1,0.1,-3.0743124666223735e-05,1.062538171918165,1.0004689886208091,1.0000488141419424,-0.005571769425142703
2024-07-11,-0.00533754733219789,0.0,0.0,0.1,-2e-05,1.0568668241332848,1.0004689886208091,1.0000288131656594,-0.005591657989754362
2024-07-12,-0.003510174336368632,0.0,0.0,0.0,0.0,1.0531570373302528,1.0004689886208091,1.0000288131656594,-0.005591657989754362
2024-07-15,-0.0036831745906750423,0.0,0.0,0.0,0.0,1.0492780760903675,1.0004689886208091,1.0000288131656594,-0.005591657989754362
2024-07-16,-0.01141468452112201,0.0,0.0,0.0,0.0,1.037300897876866,1.0004689886208091,1.0000288131656594,-0.005591657989754362
2024-07-17,-0.002283596950933775,0.0,0.0,0.0,0.0,1.0349321207092737,1.0004689886208091,1.0000288131656594,-0.005591657989754362
2024-07-18,-0.001935558330795828,0.0,0.0,0.0,0.0,1.0329289492212266,1.0004689886208091,1.0000288131656594,-0.005591657989754362
2024-07-19,-0.0014238303529357065,0.0,0.0,0.0,0.0,1.0314582336308995,1.0004689886208091,1.0000288131656594,-0.005591657989754362
2024-07-22,0.0054682349316419465,-0.0014508291755420011,0.1,0.1,-0.0014708291755420012,1.0370984895745696,0.9990174790228931,0.9985579416108727,-0.007054262791585386
2024-07-23,0.0017320966814264316,0.002111188984450396,0.1,0.0,0.002111188984450396,1.0388948444266741,1.0011265937198797,1.0006660861375372,-0.004957966689033921
2024-07-24,0.006865130513548712,0.0,0.0,0.1,-2e-05,1.0460269931235162,1.0011265937198797,1.0006460728158144,-0.004977867529700086
2024-07-25,-0.0015001837853143019,-0.0012051933817831984,0.1,0.1,-0.0012251933817831984,1.0444577603894312,0.9999200425748014,0.9994200878698931,-0.006196962061130518
2024-07-26,-0.00860542501745234,0.00033657802827742335,0.1,0.0,0.00033657802827742335,1.0354697574485037,1.0002565936911663,0.9997564707124892,-0.005862469794124969
2024-07-29,-0.0009750056753900394,-0.00023389820183025156,0.1,0.0,-0.00023389820183025156,1.0344601685582966,1.000022635472533,0.9995226294717213,-0.006094996774812178
2024-07-30,-0.0016342125822602193,-0.0013862732881258278,0.2,0.1,-0.0014062732881258279,1.0327696407349916,0.9986363308054563,0.9981170274970179,-0.007492698831782385
2024-07-31,0.0016984991841984653,0.0017756574044684782,0.1,0.1,0.0017556574044684781,1.034523799127245,1.0004095668006223,0.999869379046869,-0.005750196039497446
2024-08-01,0.0018864407962904228,0.0,0.0,0.1,-2e-05,1.036475367026652,1.0004095668006223,0.999849381659288,-0.005770081035576746
2024-08-02,-0.0019337358923850578,-0.0010629969928934724,0.1,0.1,-0.0010829969928934724,1.0344710974078595,0.9993461344394514,0.9987665477856046,-0.006846829048059999
2024-08-05,0.005748022751472548,0.0,0.0,0.1,-2e-05,1.0404172608115005,0.9993461344394514,0.9987465724546488,-0.006866692111479056
2024-08-06,-0.0034018915622882396,0.0,0.0,0.0,0.0,1.036877874110687,0.9993461344394514,0.9987465724546488,-0.006866692111479056
2024-08-07,-0.002749271332990089,-6.963015785248494e-05,0.1,0.1,-8.963015785248494e-05,1.0340272154955827,0.9992765498103612,0.9986570546417051,-0.00695570680663371
2024-08-08,-0.0025764718902078097,-0.0009859528003849372,0.1,0.0,-0.0009859528003849372,1.0313630734411485,0.9982913102977167,0.9976724259220568,-0.007934801608413977
2024-08-09,0.007697801699371942,0.0,0.0,0.1,-2e-05,1.0393023018605532,0.9982913102977167,0.9976524724735384,-0.007954642912381904
2024-08-12,0.0035440835729629084,0.0018076541463249106,0.1,0.1,0.0017876541463249106,1.0429856760759197,1.0000958757240166,0.9994359300525469,-0.006181208916441916
2024-08-13,0.006335988464522724,0.0012802346039219481,0.1,0.0,0.0012802346039219481,1.0495940212881991,1.0013762330713583,1.0007154425146032,-0.00490888771006881
2024-08-14,-0.0008611025653719184,-0.00018829238565805096,0.1,0.0,-0.00018829238565805096,1.0486902131838687,1.001187681551492,1.0005270154165673,-0.005096255789548976
2024-08-15,-0.0022488538262828706,-0.001783746735499292,0.2,0.1,-0.001803746735499292,1.0463318621853648,0.9994018162929024,0.9987223180787308,-0.006890810170304573
2024-08-16,-0.006921707883370654,-0.0017053468186551068,0.2,0.0,-0.0017053468186551068,1.0390894586862545,0.9976974895849291,0.9970191501508754,-0.008584405767757763
2024-08-19,0.004026639235094787,0.0012428282391713564,0.2,0.0,0.0012428282391713564,1.0432734970693738,0.9989374561991357,0.9982582737056775,-0.007352246470491042
2024-08-20,0.0032885201345185023,-0.002129274961136207,0.2,0.0,-0.002129274961136207,1.046704322970296,0.9968104436859097,0.9961327073587289,-0.009465866477309626
2024-08-21,-0.0024948279953902253,-0.0003823055977024148,0.2,0.0,-0.0003823055977024148,1.0440929757224535,0.9964293574734403,0.9957518802486512,-0.009844553221270647
2024-08-22,0.014194333413629768,0.0,0.0,0.2,-4e-05,1.0589131795346869,0.9964293574734403,0.9957120501734412,-0.009884159439141893
2024-08-23,0.003145248674870338,0.000813544861948623,0.1,0.1,0.0007935448619486229,1.0622437248094212,0.9972399974575076,0.9965021923548367,-0.009098458101130857
2024-08-26,-0.001608667994393853,0.0,0.0,0.1,-2e-05,1.0605349273270746,0.9972399974575076,0.9964822623109896,-0.009118276131968805
2024-08-27,-0.00304540770974151,-0.0017591038538224302,0.1,0.1,-0.0017791038538224303,1.0573051660829424,0.9954857487347942,0.9947094168778464,-0.010881157625584614
2024-08-28,0.003932413153214342,-0.0020363924831846903,0.1,0.0,-0.0020363924831846903,1.0614629268250084,0.9934585490389533,0.9926837980983634,-0.012895391801172273
2024-08-29,0.001927399476835745,0.0,0.0,0.1,-2e-05,1.0635087899148516,0.9934585490389533,0.9926639444224014,-0.012915133893336317
2024-08-30,-0.0045200046879939615,0.0,0.0,0.0,0.0,1.0587017251987136,0.9934585490389533,0.9926639444224014,-0.012915133893336317
2024-09-02,0.0005888647982037809,0.0,0.0,0.0,0.0,1.0593251573764808,0.9934585490389533,0.9926639444224014,-0.012915133893336317
2024-09-03,0.007894072715726152,0.0019365205728140377,0.2,0.2,0.0018965205728140376,1.0676875471984089,0.9953824019574052,0.9945465520148892,-0.011043107137651553
2024-09-04,0.008101205180394266,0.0005839397897621224,0.1,0.1,0.0005639397897621223,1.0763371030868152,0.9959636453479372,0.9951074163883411,-0.010485394995407016
2024-09-05,-0.0029450513657671928,-0.0014079774470493688,0.1,0.0,-0.0014079774470493688,1.0731672350313435,0.9945613509972063,0.9937063275886748,-0.011878609242779281
2024-09-06,-0.00252241371395181,0.0007662717627266336,0.1,0.0,0.0007662717627266336,1.0704602632803366,0.9953234552767747,0.9944677766879487,-0.011121439722896032
2024-09-09,0.0010093064115599293,-0.000823705840238953,0.1,0.0,-0.000823705840238953,1.0715406856873857,0.9945036015337364,0.9936486277723614,-0.011935984768283392
2024-09-10,0.008359125376649956,-0.0006078411340144085,0.1,0.0,-0.0006078411340144085,1.080497828625228,0.9938991013367987,0.9930446472636444,-0.012536570719780649
2024-09-11,0.003975070110332624,0.0003708870121074126,0.1,0.0,0.0003708870121074126,1.0847928832480755,0.9942677256048299,0.9934129546257574,-0.012170333358929364
2024-09-12,0.003890212880047317,-0.000514593569134958,0.1,0.0,-0.000514593569134958,1.0890129584946708,0.9937560818272352,0.9929017507078116,-0.012678664152783625
2024-09-13,0.002966185536927279,0.0010122301361814579,0.1,0.0,0.0010122301361814579,1.092243172981684,0.9947619916812743,0.9939067957821454,-0.011679267742544241
2024-09-16,-8.523806828527602e-05,-0.0008235511506635707,0.1,0.0,-0.0008235511506635707,1.0921500722835211,0.9939427542983889,0.9930882626968266,-0.012493200418819517
2024-09-17,-0.005482422743219473,-0.0006536952632933413,0.1,0.0,-0.0006536952632933413,1.0861624438882251,0.9932930186279192,0.9924390856034694,-0.013138728936175736
2024-09-18,0.0001136873407274419,-0.00069458451611637,0.1,0.0,-0.00069458451611637,1.086285926808069,0.9926030926772137,0.9917497527814205,-0.013824187494611673
2024-09-19,0.005593173425362685,-0.0005954229129127464,0.1,0.0,-0.0005954229129127464,1.0923617123862372,0.9920120740524057,0.991159242254739,-0.014411379169537608
2024-09-20,0.010254409969924837,0.0012417572806738165,0.1,0.0,0.0012417572806738165,1.1035632372204949,0.9932439122678766,0.9923900214601159,-0.013187517323872133
2024-09-23,0.0008686402421259176,0.0007192501909091265,0.1,0.0,0.0007192501909091265,1.1045218366580754,0.9939583031413944,0.9931037981725073,-0.012477752257315955
2024-09-24,0.002406209624742883,0.0019242172981915218,0.1,0.0,0.0019242172981915218,1.1071795477321806,0.9958708949019801,0.9950147456798505,-0.0105775448658606
2024-09-25,0.0021356426449672616,0.0,0.0,0.1,-2e-05,1.109544087589953,0.9958708949019801,0.9949948453849369,-0.010597333314963264
2024-09-26,-0.010972760097385615,0.0,0.0,0.0,0.0,1.0973693264993558,0.9958708949019801,0.9949948453849369,-0.010597333314963264
2024-09-27,0.001490812444662515,0.0,0.0,0.0,0.0,1.099005298347692,0.9958708949019801,0.9949948453849369,-0.010597333314963264
2024-09-30,0.00031733403404131665,0.0,0.0,0.0,0.0,1.0993540501324492,0.9958708949019801,0.9949948453849369,-0.010597333314963264
2024-10-01,0.007392723484995911,-0.0008269285003683957,0.1,0.1,-0.0008469285003683957,1.1074812706371888,0.9950473808762983,0.9941521558926607,-0.011435286631719332
2024-10-02,-0.005493290968333753,-0.0006658639966505619,0.1,0.0,-0.0006658639966505619,1.101397553775599,0.9943848146504113,0.9934901857648593,-0.012093536282710482
2024-10-03,-0.004615768962803568,-0.0011314211013377707,0.1,0.0,-0.0011314211013377707,1.0963137571311736,0.9932597466882659,0.9923661300047129,-0.013211274501908177
2024-10-04,-0.0051799078007303545,-0.0011256921326240898,0.1,0.0,-0.0011256921326240898,1.0906349529485617,0.9921416420057667,0.9912490312594838,-0.014322094806763719
2024-10-07,-0.0005639332606197867,0.0,0.0,0.1,-2e-05,1.0900199076233996,0.9921416420057667,0.9912292062788586,-0.014341808364867648
2024-10-08,-0.0045065785119002945,0.0,0.0,0.0,0.0,1.0851076473301604,0.9921416420057667,0.9912292062788586,-0.014341808364867648
2024-10-09,-0.004159205533937993,0.0,0.0,0.0,0.0,1.0805944615984664,0.9921416420057667,0.9912292062788586,-0.014341808364867648
2024-10-10,-0.0019271997231669613,0.0,0.0,0.0,0.0,1.0785119402512182,0.9921416420057667,0.9912292062788586,-0.014341808364867648
2024-10-11,0.0035855665591626117,0.0,0.0,0.0,0.0,1.0823790165978406,0.9921416420057667,0.9912292062788586,-0.014341808364867648
2024-10-14,-0.0007594585059181314,0.0,0.0,0.0,0.0,1.0815569946470582,0.9921416420057667,0.9912292062788586,-0.014341808364867648
2024-10-15,0.003308725501888754,0.0,0.0,0.0,0.0,1.085135569856993,0.9921416420057667,0.9912292062788586,-0.014341808364867648
2024-10-16,0.0010640402625159084,0.0,0.0,0.0,0.0,1.086290197793609,0.9921416420057667,0.9912292062788586,-0.014341808364867648
2024-10-17,0.00018758655850148465,0.0,0.0,0.0,0.0,1.086493971233347,0.9921416420057667,0.9912292062788586,-0.014341808364867648
2024-10-18,-0.0018643792981988482,0.0,0.0,0.0,0.0,1.0844683343657617,0.9921416420057667,0.9912292062788586,-0.014341808364867648
2024-10-21,0.003275513452038359,0.00195075471695334,0.1,0.1,0.00193075471695334,1.0880205249832864,0.9940770669937953,0.9931430267444634,-0.012438744162064364
2024-10-22,-0.0028117157840460093,0.0020489217584496846,0.1,0.0,0.0020489217584496846,1.0849613204998247,0.9961138531259346,0.9951778991012127,-0.010415308417176194
2024-10-23,-0.004428257088412735,0.0,0.0,0.1,-2e-05,1.0801568328416677,0.9961138531259346,0.9951579955432306,-0.0104351001110079
2024-10-24,-0.008323589132316645,-0.0026432018233717436,0.1,0.1,-0.0026632018233717436,1.0711660511666292,0.9934809231730662,0.9925076889549569,-0.013070511156736964
2024-10-25,0.0021891952508945713,-0.00025677147183039706,0.1,0.0,-0.00025677147183039706,1.0735110427987626,0.9932258256141876,0.9922528412948609,-0.013323926494180016
2024-10-28,0.011136520228321211,0.00020335400110631506,0.1,0.0,0.00020335400110631506,1.0854662202422172,0.9934278020598284,0.9924546198802474,-0.013123281966836653
2024-10-29,0.003078935726768295,-0.0017572949476861055,0.1,0.0,-0.0017572949476861055,1.088808300967921,0.9916820564023778,0.9907105843909242,-0.014857515437425306
2024-10-30,-0.003556234131710345,0.000406995360969864,0.1,0.0,0.000406995360969864,1.0849362437251293,0.9920856663988906,0.9911137990028349,-0.014456567016314148
2024-10-31,-0.013871915226329556,0.0,0.0,0.1,-2e-05,1.0698861001262019,0.9920856663988906,0.9910939767268548,-0.014476277884973854
2024-11-01,-9.237607146587168e-05,0.0,0.0,0.0,0.0,1.0697872682513563,0.9920856663988906,0.9910939767268548,-0.014476277884973854
2024-11-04,0.016325573217480138,0.003547358389562949,0.1,0.1,0.003527358389562949,1.0872521586263217,0.9956049498107558,0.9945899203805076,-0.010999982515658147
2024-11-05,-0.0023124541372500527,0.0,0.0,0.1,-2e-05,1.0847379378738724,0.9956049498107558,0.9945700285821,-0.011019762516007892
2024-11-06,-0.006058890320733856,0.0,0.0,0.0,0.0,1.0781656296815556,0.9956049498107558,0.9945700285821,-0.011019762516007892
2024-11-07,-0.0012301263884251235,0.0,0.0,0.0,0.0,1.0768393496893913,0.9956049498107558,0.9945700285821,-0.011019762516007892
2024-11-08,0.005140586822854854,0.0,0.0,0.0,0.0,1.0823749358607362,0.9956049498107558,0.9945700285821,-0.011019762516007892
2024-11-11,0.0032133128752559136,0.0,0.0,0.0,0.0,1.0858529451779917,0.9956049498107558,0.9945700285821,-0.011019762516007892
2024-11-12,0.006619813334706959,0.0,0.0,0.0,0.0,1.0930410889840116,0.9956049498107558,0.9945700285821,-0.011019762516007892
2024-11-13,0.0005898049285271934,0.0,0.0,0.0,0.0,1.093685770005377,0.9956049498107558,0.9945700285821,-0.011019762516007892
2024-11-14,0.005956692854744506,0.0,0.0,0.0,0.0,1.1002005202169038,0.9956049498107558,0.9945700285821,-0.011019762516007892
2024-11-15,0.006449542556127119,-0.001992264857754178,0.1,0.1,-0.002012264857754178,1.107296310292316,0.9936214410570416,0.9925686902650086,-0.013009852692910329
2024-11-18,-0.00533240749174495,-0.00033271319995196167,0.1,0.0,-0.00033271319995196167,1.1013917551517316,0.9932908500878467,0.9922384495598984,-0.01333823734314199
2024-11-19,0.001181564716885064,-0.00033447535403038355,0.1,0.0,-0.00033447535403038355,1.102693120789087,0.9929586187791084,0.9919065702531993,-0.013668251385514862
2024-11-20,-9.744153490289786e-05,-0.00013778463469166224,0.1,0.0,-0.00013778463469166224,1.1025856726788705,0.9928218043385559,0.9917699007687686,-0.01380415274518254
2024-11-21,-0.0038947502555165435,-0.0005930530246512245,0.1,0.0,-0.0005930530246512245,1.0982913768484757,0.9922330083645533,0.9911817286293597,-0.014389019175295448
2024-11-22,0.0008794261826324367,-0.0004612463452755899,0.1,0.0,-0.0004612463452755899,1.0992572430414356,0.9917753445157834,0.9907245496795255,-0.014843628638064321
2024-11-25,-0.00727150907008659,-1.8675166555304213e-05,0.1,0.0,-1.8675166555304213e-05,1.0912639840283014,0.9917568229460392,0.9907060477335499,-0.01486202659738245
2024-11-26,0.005415264242083906,-0.0011924816874456345,0.3,0.19999999999999998,-0.0012324816874456344,1.097173466859684,0.9905741710962768,0.9894850206720767,-0.016076191109208438
2024-11-27,-0.0012070683364665325,-0.001282479928676472,0.2,0.09999999999999998,-0.0013024799286764721,1.0958491035082265,0.9893037796039804,0.9881962362929252,-0.017357732121635605
2024-11-28,-0.0013799231193620254,0.0011278511120017764,0.1,0.1,0.0011078511120017763,1.0943369159949632,0.9904195669719145,0.9892910105921783,-0.016269110792466623
2024-11-29,-0.0047836867260173666,-0.0004143668583611704,0.1,0.0,-0.0004143668583611704,1.0891019510161273,0.9900091699274889,0.9888810811841142,-0.01667673627050048
2024-12-02,0.00772971909531669,0.002011917979243649,0.1,0.0,0.002011917979243649,1.0975204031636434,0.9920009871760821,0.9908706288106826,-0.014698370516794457
2024-12-03,0.0032962123628331175,0.0014965549026943804,0.1,0.0,0.0014965549026943804,1.101138063485013,0.9934855711169182,0.9923535211081651,-0.013223812532558443
2024-12-04,-0.0004032455017755288,-0.0016808886830665059,0.1,0.0,-0.0016808886830665059,1.1006940345140788,0.9918156324636379,0.9906854853049332,-0.014882473458792012
2024-12-05,-0.0015321768937749947,0.0001122745071675535,0.1,0.0,0.0001122745071675535,1.0990075765472802,0.9919269880749738,0.9907967140295538,-0.014771869873997479
2024-12-06,0.0029027380853292152,-0.0008423731342278695,0.1,0.0,-0.0008423731342278695,1.1021977076957894,0.991091415429104,0.989962093496174,-0.015601799581901221
2024-12-09,0.0035373975061284146,0.0,0.0,0.1,-2e-05,1.1060966191182529,0.991091415429104,0.9899422942543041,-0.01562148754590964
2024-12-10,0.0025355990538504457,0.0020055579265715107,0.1,0.1,0.0019855579265715107,1.1089012366591564,0.9930791066732747,0.9919078820235091,-0.01366694698775972
2024-12-11,0.002375801906361541,0.0011062817855945761,0.1,0.0,0.0011062817855945761,1.111535766331178,0.9941777320006417,0.9930052116463793,-0.012575784696682524
2024-12-12,0.0001887166156578357,-0.001175864437898444,0.1,0.0,-0.001175864437898444,1.1117455315991827,0.9930087137606317,0.9918375721313566,-0.013736861716577398
2024-12-13,0.005156439778324351,0.0,0.0,0.1,-2e-05,1.1174781804816951,0.9930087137606317,0.9918177353799139,-0.013756586979343122
2024-12-16,-0.009326852962439392,0.0,0.0,0.0,0.0,1.107055625803608,0.9930087137606317,0.9918177353799139,-0.013756586979343122
2024-12-17,0.005353848778179027,0.0,0.0,0.0,0.0,1.1129826342131928,0.9930087137606317,0.9918177353799139,-0.013756586979343122
2024-12-18,0.0009800364078224044,-0.0012919291181751613,0.1,0.1,-0.0013119291181751614,1.1140733977159956,0.9917258168887226,0.9905165408129465,-0.015050468430493291
2024-12-19,0.003584327172017099,-0.00037551852707281565,0.1,0.0,-0.00037551852707281565,1.1180666012670504,0.9913534054707045,0.9901445835004992,-0.015420335227829374
2024-12-20,0.004933758239423181,-0.0002615686158337849,0.1,0.0,-0.0002615686158337849,1.1235828715732754,0.9910940985326334,0.9898855927523176,-0.01567787036792201
2024-12-23,-0.007372302970661692,-0.002267358481351356,0.1,0.0,-0.002267358481351356,1.1152994782313912,0.9888469329225081,0.9876411672580231,-0.017909681496925067
2024-12-24,0.009649015534075189,0.0008749654691201814,0.1,0.0,0.0008749654691201814,1.1260610202219918,0.9897121398430608,0.9885053191752555,-0.017050386380677574
2024-12-25,0.0035786707682009373,0.001969019842093443,0.14285714285714285,0.042857142857142844,0.0019604484135220144,1.1300908218782706,0.9916609026843726,0.9904432328599908,-0.015123364370085435
2024-12-26,-0.001766564359709217,0.0010524496301146538,0.14285714285714285,0.0,0.0010524496301146538,1.1280944437091058,0.992704575834602,0.991485624474064,-0.01408683131920807
2024-12-27,-0.0023084634790276576,0.0,0.0,0.14285714285714285,-2.857142857142857e-05,1.1254902788849093,0.992704575834602,0.9914572963133648,-0.014115000266884503
2024-12-30,0.00800297747597897,0.0010987377930658912,0.14285714285714285,0.14285714285714285,0.0010701663644944626,1.1344975522362584,0.9937952978694209,0.992518320563712,-0.013059939300910428
2024-12-31,0.0012163229079444418,0.0013947398089457774,0.14285714285714285,0.0,0.0013947398089457774,1.1358774675980503,0.9951813837333024,0.9939026253765102,-0.011683414709210083
2025-11-05,2.6434747711916,0.0,0.0,0.14285714285714285,-2.857142857142857e-05,4.1385408963585,0.9951813837333024,0.9938742281586423,-0.011711652325932631
2025-11-06,-0.020931474177459743,0.0,0.0,0.0,0.0,4.051915134454011,0.9951813837333024,0.9938742281586423,-0.011711652325932631
2025-11-07,-0.007492020291210972,0.0,0.0,0.0,0.0,4.021558104048417,0.9951813837333024,0.9938742281586423,-0.011711652325932631
2025-11-10,0.027067223217527556,0.0,0.0,0.0,0.0,4.130410514932952,0.9951813837333024,0.9938742281586423,-0.011711652325932631
2025-11-11,-0.0022445784286222936,0.0,0.0,0.0,0.0,4.121139484589778,0.9951813837333024,0.9938742281586423,-0.011711652325932631
2025-11-12,-0.011873265698099624,0.0,0.0,0.0,0.0,4.072208100510315,0.9951813837333024,0.9938742281586423,-0.011711652325932631
2025-11-13,-0.024795231331896254,0.0,0.0,0.0,0.0,3.9712367586265396,0.9951813837333024,0.9938742281586423,-0.011711652325932631
2025-11-14,0.002096124364287157,0.0,0.0,0.0,0.0,3.9795609647526495,0.9951813837333024,0.9938742281586423,-0.011711652325932631
2025-11-17,-0.002820548913893241,0.0,0.0,0.0,0.0,3.9683364183957446,0.9951813837333024,0.9938742281586423,-0.011711652325932631
2025-11-18,-0.018285343871089408,0.0,0.0,0.0,0.0,3.895774022389211,0.9951813837333024,0.9938742281586423,-0.011711652325932631
2025-11-19,0.006323477272663596,0.0,0.0,0.0,0.0,3.920408860879223,0.9951813837333024,0.9938742281586423,-0.011711652325932631
2025-11-20,-0.016861283277171086,0.0,0.0,0.0,0.0,3.854305736513607,0.9951813837333024,0.9938742281586423,-0.011711652325932631
2025-11-21,0.006650423369792983,0.0,0.0,0.0,0.0,3.8799385014580445,0.9951813837333024,0.9938742281586423,-0.011711652325932631
2025-11-24,0.03273792777806693,0.0005688626378281507,0.14285714285714285,0.14285714285714285,0.0005402912092567221,4.006959647902119,0.9957475052403705,0.9944112096672233,-0.011177688819473452
2025-11-25,0.008015952075734467,0.0009011452682338637,0.14285714285714285,0.0,0.0009011452682338637,4.039079244409105,0.9966448183930736,0.9953073186234936,-0.010286616272629057
2025-11-26,0.0048090548205632,0.0025487206979481402,0.14285714285714285,0.0,0.0025487206979481402,4.0585033979200675,0.9991849876702149,0.9978440789872887,-0.00776411328648674
2025-11-28,0.007070205873916713,0.0,0.0,0.14285714285714285,-2.857142857142857e-05,4.087197852483353,0.9991849876702149,0.9978155691564605,-0.007792462883249973
2025-12-01,-0.0005230485022190701,0.0,0.0,0.0,0.0,4.085060049768338,0.9991849876702149,0.9978155691564605,-0.007792462883249973
2025-12-02,0.005575885927103309,0.0,0.0,0.0,0.0,4.107837878611214,0.9991849876702149,0.9978155691564605,-0.007792462883249973
2025-12-03,-0.001414448161929752,-0.0035772594752186493,0.14285714285714285,0.14285714285714285,-0.003605830903790078,4.102027554874307,0.9956106437055754,0.9942176149409133,-0.011370195483558887
2025-12-04,0.006690899091390788,0.00092999333155906,0.14285714285714285,0.0,0.00092999333155906,4.129473807314075,0.9965365549650507,0.9951422306929268,-0.010450776357978198
2025-12-05,0.003575386495292051,0.0,0.0,0.14285714285714285,-2.857142857142857e-05,4.144238272197408,0.9965365549650507,0.9951137980577642,-0.010479049192939294
2025-12-08,-0.006919054959244212,0.0,0.0,0.0,0.0,4.1155640598278715,0.9965365549650507,0.9951137980577642,-0.010479049192939294
2025-12-09,0.001366462106393161,0.0,0.0,0.0,0.0,4.12118782216206,0.9965365549650507,0.9951137980577642,-0.010479049192939294
2025-12-10,0.00035714671784590834,0.0014101894069094647,0.14285714285714285,0.14285714285714285,0.0013816179783380361,4.122659690866372,0.9979418602584603,0.9964886651716531,-0.00911190925736205
2025-12-11,-0.006405511135075053,0.0,0.0,0.14285714285714285,-2.857142857142857e-05,4.096251948310402,0.9979418602584603,0.996460194066934,-0.00914022034566897
2025-12-12,-0.00796821783800943,-0.0025372838035683243,0.14285714285714285,0.14285714285714285,-0.002565855232139753,4.063612120466894,0.9954097985395237,0.9939034214643684,-0.011682623095611855
2025-12-15,0.0008053503961781283,-0.0020721518674703876,0.42857142857142855,0.2857142857142857,-0.0021292947246132447,4.0668847520980265,0.9933471582665818,0.9917871081522693,-0.013787042072497924
2025-12-16,0.0076457525217402044,0.0013749076266521554,0.42857142857142855,0.0,0.0013749076266521554,4.097979146447006,0.9947129188503959,0.9931507238112833,-0.012431090355140006
2025-12-17,-0.020649332541079448,-0.006252981552672018,0.2857142857142857,0.14285714285714285,-0.006281552981243446,4.013358612305613,0.9884929973186198,0.9869121949213024,-0.01863455678370307
2025-12-18,0.0197382051597693,0.0,0.0,0.2857142857142857,-5.714285714285714e-05,4.092575107975027,0.9884929973186198,0.9868557999387355,-0.01869063480902977
2025-12-19,0.007697907324366244,0.0009986887643799655,0.2857142857142857,0.2857142857142857,0.0009415459072371084,4.124079371874227,0.9894801941687102,0.987784969978201,-0.017766686992500724
2025-12-22,0.005152387080848864,0.0,0.0,0.2857142857142857,-5.714285714285714e-05,4.145328225150267,0.9894801941687102,0.9877285251227736,-0.017822814610386928
2025-12-23,0.009838313362020647,0.0021074864189332765,0.14285714285714285,0.14285714285714285,0.002078914990361848,4.186111263217724,0.9915655102397242,0.9897819287600594,-0.01578095173648897
2025-12-24,0.0011940522422891104,0.0,0.0,0.14285714285714285,-2.857142857142857e-05,4.191109698758041,0.9915655102397242,0.9897536492763807,-0.015809072280725034
2025-12-26,-0.0029446798069645403,0.0,0.0,0.0,0.0,4.178768222659334,0.9915655102397242,0.9897536492763807,-0.015809072280725034
2025-12-29,-0.007641825438901113,0.0,0.0,0.0,0.0,4.146834805352144,0.9915655102397242,0.9897536492763807,-0.015809072280725034
2025-12-30,-0.0003889502001174851,0.0,0.0,0.0,0.0,4.145221893124748,0.9915655102397242,0.9897536492763807,-0.015809072280725034
2025-12-31,-0.006736799213588147,0.0,0.0,0.0,0.0,4.117296365534997,0.9915655102397242,0.9897536492763807,-0.015809072280725034
2026-01-02,-0.00928943920905878,0.0,0.0,0.0,0.0,4.079048991241681,0.9915655102397242,0.9897536492763807,-0.015809072280725034
2026-01-05,0.008487084219532768,0.0,0.0,0.0,0.0,4.113668223565949,0.9915655102397242,0.9897536492763807,-0.015809072280725034
2026-01-06,-0.0032671929911712383,0.0,0.0,0.0,0.0,4.100228075577911,0.9915655102397242,0.9897536492763807,-0.015809072280725034
2026-01-07,0.0025565987691999075,0.0,0.0,0.0,0.0,4.110710713629373,0.9915655102397242,0.9897536492763807,-0.015809072280725034
2026-01-08,-0.0001592799514652521,0.0,0.0,0.0,0.0,4.110055959826418,0.9915655102397242,0.9897536492763807,-0.015809072280725034
2026-01-09,0.006965741039722219,0.0,0.0,0.0,0.0,4.138685545301336,0.9915655102397242,0.9897536492763807,-0.015809072280725034
2026-01-12,-0.0003324042083444929,0.0,0.0,0.0,0.0,4.137309828809063,0.9915655102397242,0.9897536492763807,-0.015809072280725034
2026-01-13,-0.004292775130749137,0.0,0.0,0.0,0.0,4.119549288067748,0.9915655102397242,0.9897536492763807,-0.015809072280725034
2026-01-14,-0.01571509148283298,0.0,0.0,0.0,0.0,4.0548101941377235,0.9915655102397242,0.9897536492763807,-0.015809072280725034
2026-01-15,0.0018849153036078242,0.0,0.0,0.0,0.0,4.062453167925878,0.9915655102397242,0.9897536492763807,-0.015809072280725034
2026-01-16,-0.0022126535925783364,0.0,0.0,0.0,0.0,4.053464366329186,0.9915655102397242,0.9897536492763807,-0.015809072280725034
2026-01-20,-0.030843549036581437,-0.00485112077617933,0.14285714285714285,0.14285714285714285,-0.004879692204750758,3.928441139378276,0.9867553061920574,0.9849239561093831,-0.02061162107870318
2026-01-21,0.010756368123123814,0.00019171304885591743,0.14285714285714285,0.0,0.00019171304885591743,3.9706968984234523,0.9869444800602823,0.9851127788839001,-0.020423859546566003
2026-01-22,0.020674495577096236,0.0018713291377681074,0.14285714285714285,0.0,0.0018713291377681074,4.052789053887898,0.9887913780231785,0.9869562491310133,-0.018590750172273074
2026-01-23,0.010868657861898627,0.0029383435545422237,0.14285714285714285,0.0,0.0029383435545422237,4.096837431501053,0.9916967867955798,0.9898562656642627,-0.015707032628673567
2026-01-26,0.0050787529687654764,-0.00044202327192794614,0.14285714285714285,0.0,-0.00044202327192794614,4.1176442567688385,0.99125843373712,0.9894187261589753,-0.01614211302664681
2026-01-27,0.009321004129948154,0.0037508837945042944,0.14285714285714285,0.0,0.0037508837945042944,4.156024835891838,0.9949765289323903,0.9931299208249041,-0.012451776422303107
2026-01-28,0.0005072412654789479,-0.0009750344473247978,0.14285714285714285,0.0,-0.0009750344473247978,4.158132943188957,0.9940063925424015,0.9921615849414309,-0.013414669958685788
2026-01-29,-0.0023819833357395315,0.0,0.0,0.14285714285714285,-2.857142857142857e-05,4.148228339810491,0.9940063925424015,0.9921332374675755,-0.013442858110972566
2026-01-30,-0.0024301063090183617,0.0,0.0,0.0,0.0,4.138147703950669,0.9940063925424015,0.9921332374675755,-0.013442858110972566
2026-02-02,-0.0009023207947685963,0.0,0.0,0.0,0.0,4.1344137672255705,0.9940063925424015,0.9921332374675755,-0.013442858110972566
2026-02-03,-0.015569842177010915,0.0,0.0,0.0,0.0,4.070041597375407,0.9940063925424015,0.9921332374675755,-0.013442858110972566
2026-02-04,-0.016386088660068805,0.0,0.0,0.0,0.0,4.003349534910645,0.9940063925424015,0.9921332374675755,-0.013442858110972566
2026-02-05,-0.019190702983803765,-0.00631541513124415,0.14285714285714285,0.14285714285714285,-0.006343986559815578,3.9265224430458256,0.9877288295303859,0.9858391575435349,-0.01970156335960671
2026-02-06,0.006680707612298014,0.0,0.0,0.14285714285714285,-2.857142857142857e-05,3.952754391420941,0.9877288295303859,0.9858109907104623,-0.019729571886367814
2026-02-09,0.011327831395587034,0.0,0.0,0.0,0.0,3.997530526715124,0.9877288295303859,0.9858109907104623,-0.019729571886367814
2026-02-10,-0.004133783692581867,0.0,0.0,0.0,0.0,3.981005600213191,0.9877288295303859,0.9858109907104623,-0.019729571886367814
2026-02-11,-0.005791581517717669,0.0,0.0,0.0,0.0,3.957949281757066,0.9877288295303859,0.9858109907104623,-0.019729571886367814
2026-02-12,-0.022177697816954382,-0.003136025088200719,0.14285714285714285,0.14285714285714285,-0.0031645965167721476,3.8701710786114263,0.9846312871406394,0.9826912966830643,-0.022831732268670857
2026-02-13,-0.010765225786583772,-0.003827352485125398,0.2857142857142857,0.14285714285714285,-0.0038559239136968268,3.8285078131174677,0.9808627561368695,0.9789021138124023,-0.026599618759921784
2026-02-17,0.0021536164824179477,0.006219952012581504,0.2857142857142857,0.0,0.006219952012581504,3.836752950646863,0.9869636754109691,0.9849908379853299,-0.020545115099580125
2026-02-18,0.00788848839306471,0.0002544446609931139,0.14285714285714285,0.14285714285714285,0.00022587323242168533,3.867019131765098,0.9872148030487715,0.9852133210498114,-0.020323882458716525
2026-02-19,-0.002200997532439884,-0.0020373422680969627,0.14285714285714285,0.0,-0.0020373422680969627,3.8585078321981854,0.9852035086028292,0.9832061043077445,-0.022319818022028426
2026-02-20,0.01504327555107681,0.002192910320932416,0.14285714285714285,0.0,0.002192910320932416,3.9165524287339304,0.9873639715450632,0.9853621871214846,-0.02017585306039793
2026-02-23,-0.015467155818956508,-0.002426890360638954,0.2857142857142857,0.14285714285714285,-0.0024554617892103827,3.8559745020455902,0.9849677474400783,0.982942667922475,-0.0225817738133538
2026-02-24,0.011742243561500507,0.003198694760795595,0.14285714285714285,0.14285714285714285,0.0031701233322241665,3.9012522938155447,0.9881183586133675,0.9860587174082946,-0.019483237489178462
2026-02-25,0.01572256783722497,0.0,0.0,0.14285714285714285,-2.857142857142857e-05,3.9625899976551895,0.9881183586133675,0.986030544302083,-0.019511252253821554
2026-02-26,-0.014719923452936807,0.0,0.0,0.0,0.0,3.904260976214332,0.9881183586133675,0.986030544302083,-0.019511252253821554
2026-02-27,-0.014310483428226781,0.0,0.0,0.0,0.0,3.848389114214744,0.9881183586133675,0.986030544302083,-0.019511252253821554
2026-03-02,0.004647227034838409,0.0,0.0,0.0,0.0,3.8662734521469004,0.9881183586133675,0.986030544302083,-0.019511252253821554
2026-03-03,-0.005159571378594336,0.0,0.0,0.0,0.0,3.846325138301384,0.9881183586133675,0.986030544302083,-0.019511252253821554
2026-03-04,0.015157161997545576,0.0,0.0,0.0,0.0,3.9046245115178495,0.9881183586133675,0.986030544302083,-0.019511252253821554
2026-03-05,-0.00037998736763601915,0.0,0.0,0.0,0.0,3.9031408035281108,0.9881183586133675,0.986030544302083,-0.019511252253821554
2026-03-06,-0.017816372373901705,0.0,0.0,0.0,0.0,3.8336009935446844,0.9881183586133675,0.986030544302083,-0.019511252253821554
2026-03-09,0.010582405632939171,0.0,0.0,0.0,0.0,3.8741697142932128,0.9881183586133675,0.986030544302083,-0.019511252253821554
2026-03-10,0.0034588334338792525,0.0,0.0,0.0,0.0,3.8875698220295325,0.9881183586133675,0.986030544302083,-0.019511252253821554
2026-03-11,0.0035504814201246593,0.0,0.0,0.0,0.0,3.9013725664520855,0.9881183586133675,0.986030544302083,-0.019511252253821554
2026-03-12,-0.018656250419195258,0.0,0.0,0.0,0.0,3.828587582873777,0.9881183586133675,0.986030544302083,-0.019511252253821554
2026-03-13,-0.016369108791313147,0.0,0.0,0.0,0.0,3.7659170162126454,0.9881183586133675,0.986030544302083,-0.019511252253821554
2026-03-16,0.0146255103104482,0.0015421169267322923,0.14285714285714285,0.14285714285714285,0.0015135454981608637,3.8209954743615557,0.9896421526598,0.9875229463934606,-0.01802723792367289
2026-03-17,0.004687656798345945,0.0007967272028659433,0.14285714285714285,0.0,0.0007967272028659433,3.8389069897733963,0.990430627483927,0.9883097327883066,-0.01724487351165327
2026-03-18,-0.015283324173009387,-0.0024106405336000564,0.14285714285714285,0.0,-0.0024106405336000564,3.7802357297786577,0.9880430552675953,0.9859272732866956,-0.019613942854169397
2026-03-19,-0.010665517797173047,-0.0005601344322637385,0.14285714285714285,0.0,-0.0005601344322637385,3.739917558325194,0.9874896183317808,0.9853750214732198,-0.020163090841688103
2026-03-20,-0.0207475623265998,-0.0005566011751744363,0.14285714285714285,0.0,-0.0005566011751744363,3.662323385687497,0.9869399804497448,0.9848265605782802,-0.020708469216804914
2026-03-23,0.016199104035781304,0.002016210331061728,0.14285714285714285,0.0,0.002016210331061728,3.7216497432249236,0.9889298590344654,0.9868121780640221,-0.018734011515318616
2026-03-24,-0.0133835044117688,8.520645524104761e-05,0.14285714285714285,0.0,8.520645524104761e-05,3.6718410274674147,0.9890141222422357,0.9868962608317036,-0.018650401318791365
