date,ret_1d,gross_ret,signal,net_ret,buy_hold_equally_weighted,strategy_curve_gross,strategy_curve_net,strategy_dd
2024-04-04,-0.005911701276714742,0.0,0.0,0.0,0.9940882987232853,1.0,1.0,0.0
2024-04-05,0.008858041023224772,0.0,0.0,0.0,1.002893973654084,1.0,1.0,0.0
2024-04-08,0.0012411177722534527,0.0,0.0,0.0,1.0041386831884722,1.0,1.0,0.0
2024-04-09,0.0013450997800198983,0.0,0.0,0.0,1.0054893499103386,1.0,1.0,0.0
2024-04-10,-0.0010497768430920208,0.0,0.0,0.0,1.004433810474827,1.0,1.0,0.0
2024-04-11,-0.0022203665170386633,0.0,0.0,0.0,1.002203599273467,1.0,1.0,0.0
2024-04-12,0.004903549083192693,0.0,0.0,0.0,1.007117953813857,1.0,1.0,0.0
2024-04-15,-0.005596258091915773,0.0,0.0,0.0,1.0014818618153125,1.0,1.0,0.0
2024-04-16,0.004490573055615543,-0.0001322727846102878,0.1,-0.0001522727846102878,1.005979089279668,0.9998677272153897,0.9998477272153897,-0.0001522727846102745
2024-04-17,0.003075412397373778,0.0,0.0,-2e-05,1.0090728898423376,0.9998677272153897,0.9998277302608454,-0.00017226973915462906
2024-04-18,-0.004020279095485535,0.0,0.0,0.0,1.0050161351974833,0.9998677272153897,0.9998277302608454,-0.00017226973915462906
2024-04-19,0.001364068543903918,0.0,0.0,0.0,1.0063870460936222,0.9998677272153897,0.9998277302608454,-0.00017226973915462906
2024-04-22,-0.0021364017793179314,0.0,0.0,0.0,1.0042369990176652,0.9998677272153897,0.9998277302608454,-0.00017226973915462906
2024-04-23,-0.005628159556175361,0.0,0.0,0.0,0.998584992954979,0.9998677272153897,0.9998277302608454,-0.00017226973915462906
2024-04-24,0.003499089702085789,0.0,0.0,0.0,1.0020791314204853,0.9998677272153897,0.9998277302608454,-0.00017226973915462906
2024-04-25,0.0010240348215895367,0.0,0.0,0.0,1.003105295345048,0.9998677272153897,0.9998277302608454,-0.00017226973915462906
2024-04-26,0.006024447377371534,0.0,0.0,0.0,1.0091484504108172,0.9998677272153897,0.9998277302608454,-0.00017226973915462906
2024-04-29,0.0016402813137485484,0.0,0.0,0.0,1.0108037377568244,0.9998677272153897,0.9998277302608454,-0.00017226973915462906
2024-04-30,0.006835505135011554,0.0,0.0,0.0,1.01771309189675,0.9998677272153897,0.9998277302608454,-0.00017226973915462906
2024-05-01,-0.001580828753488206,0.0,0.0,0.0,1.0161042617782783,0.9998677272153897,0.9998277302608454,-0.00017226973915462906
2024-05-02,0.0034894040825247164,0.0,0.0,0.0,1.019649860137598,0.9998677272153897,0.9998277302608454,-0.00017226973915462906
2024-05-03,-0.002882468599446797,0.0,0.0,0.0,1.0167107514333211,0.9998677272153897,0.9998277302608454,-0.00017226973915462906
2024-05-06,0.0003266946736558252,0.0,0.0,0.0,1.0170429054204628,0.9998677272153897,0.9998277302608454,-0.00017226973915462906
2024-05-07,0.0007119063687258453,0.0,0.0,0.0,1.017766944742099,0.9998677272153897,0.9998277302608454,-0.00017226973915462906
2024-05-08,-0.0037691632477746097,0.0,0.0,0.0,1.013930814979177,0.9998677272153897,0.9998277302608454,-0.00017226973915462906
2024-05-09,0.007545111804597315,0.0,0.0,0.0,1.0215810363403213,0.9998677272153897,0.9998277302608454,-0.00017226973915462906
2024-05-10,-0.0002813565874946078,0.0,0.0,0.0,1.0212936077860872,0.9998677272153897,0.9998277302608454,-0.00017226973915462906
2024-05-13,-0.001132216006738851,0.0,0.0,0.0,1.0201372828157718,0.9998677272153897,0.9998277302608454,-0.00017226973915462906
2024-05-14,-0.001394132182999408,0.0,0.0,0.0,1.0187150765987207,0.9998677272153897,0.9998277302608454,-0.00017226973915462906
2024-05-15,-0.002710109288324414,0.0,0.0,0.0,1.0159542474074745,0.9998677272153897,0.9998277302608454,-0.00017226973915462906
2024-05-16,0.0009393203856072563,0.0,0.0,0.0,1.0169085539429086,0.9998677272153897,0.9998277302608454,-0.00017226973915462906
2024-05-17,0.004546742588317254,0.0,0.0,0.0,1.021532175373545,0.9998677272153897,0.9998277302608454,-0.00017226973915462906
2024-05-20,0.0026497355880732098,0.0,0.0,0.0,1.024238965532994,0.9998677272153897,0.9998277302608454,-0.00017226973915462906
2024-05-21,-0.006664654633887201,0.0,0.0,0.0,1.0174127665651467,0.9998677272153897,0.9998277302608454,-0.00017226973915462906
2024-05-22,0.005205233033249301,0.0,0.0,0.0,1.0227086371061211,0.9998677272153897,0.9998277302608454,-0.00017226973915462906
2024-05-23,-0.0038362724222165577,0.0,0.0,0.0,1.0187852481656283,0.9998677272153897,0.9998277302608454,-0.00017226973915462906
2024-05-24,0.0037877756620042446,0.0,0.0,0.0,1.022644178133439,0.9998677272153897,0.9998277302608454,-0.00017226973915462906
2024-05-27,-0.0005646785209398097,0.0,0.0,0.0,1.0220667129314829,0.9998677272153897,0.9998277302608454,-0.00017226973915462906
2024-05-28,-0.004208621444608806,0.0,0.0,0.0,1.0177652210456187,0.9998677272153897,0.9998277302608454,-0.00017226973915462906
2024-05-29,0.0004780241548768438,0.0,0.0,0.0,1.018251737405272,0.9998677272153897,0.9998277302608454,-0.00017226973915462906
2024-05-30,0.00929124659751659,0.0,0.0,0.0,1.027712565395854,0.9998677272153897,0.9998277302608454,-0.00017226973915462906
2024-05-31,0.0023598727042739576,0.0,0.0,0.0,1.0301378362267712,0.9998677272153897,0.9998277302608454,-0.00017226973915462906
2024-06-03,0.002538315494318788,0.0,0.0,0.0,1.0327526510577498,0.9998677272153897,0.9998277302608454,-0.00017226973915462906
2024-06-04,-0.005065247851513621,0.0,0.0,0.0,1.0275215029108347,0.9998677272153897,0.9998277302608454,-0.00017226973915462906
2024-06-05,0.0018631880613847462,0.0,0.0,0.0,1.0294359687078745,0.9998677272153897,0.9998277302608454,-0.00017226973915462906
2024-06-06,0.00238277696062551,0.0,0.0,0.0,1.0318888850165508,0.9998677272153897,0.9998277302608454,-0.00017226973915462906
2024-06-07,0.0019863131283286094,0.0,0.0,0.0,1.0339385394558356,0.9998677272153897,0.9998277302608454,-0.00017226973915462906
2024-06-10,0.0011610435163070365,0.0,0.0,0.0,1.0351389870933307,0.9998677272153897,0.9998277302608454,-0.00017226973915462906
2024-06-11,0.01063544258507485,0.0,0.0,0.0,1.0461481483581343,0.9998677272153897,0.9998277302608454,-0.00017226973915462906
2024-06-12,-0.0007106993534394923,0.0,0.0,0.0,1.0454046515454942,0.9998677272153897,0.9998277302608454,-0.00017226973915462906
2024-06-13,0.0016706349356606198,0.0,0.0,0.0,1.0471511410782681,0.9998677272153897,0.9998277302608454,-0.00017226973915462906
2024-06-14,0.0028685625369701873,0.0,0.0,0.0,1.050154959612111,0.9998677272153897,0.9998277302608454,-0.00017226973915462906
2024-06-17,-0.004619216718514308,0.0,0.0,0.0,1.0453040662656399,0.9998677272153897,0.9998277302608454,-0.00017226973915462906
2024-06-18,0.009955965210545325,0.0,0.0,0.0,1.0557110771838223,0.9998677272153897,0.9998277302608454,-0.00017226973915462906
2024-06-19,0.0028030529415974947,0.0,0.0,0.0,1.0586702912241994,0.9998677272153897,0.9998277302608454,-0.00017226973915462906
2024-06-20,0.005483654931624049,0.0,0.0,0.0,1.0644756737876349,0.9998677272153897,0.9998277302608454,-0.00017226973915462906
2024-06-21,-0.000826925871279649,-0.0023528279476968785,0.1,-0.0023728279476968785,1.063595431313632,0.9975152104827972,0.9974553110796001,-0.00254468892039994
2024-06-24,-0.003398243597428063,0.0,0.0,-2e-05,1.0599810749489167,0.9975152104827972,0.9974353619733785,-0.0025646380266215463
2024-06-25,-0.004896870051607116,0.0,0.0,0.0,1.054790485367729,0.9975152104827972,0.9974353619733785,-0.0025646380266215463
2024-06-26,-0.005205669515440947,0.0,0.0,0.0,1.049299594692873,0.9975152104827972,0.9974353619733785,-0.0025646380266215463
2024-06-27,-0.003948756768200734,0.0,0.0,0.0,1.0451561658164592,0.9975152104827972,0.9974353619733785,-0.0025646380266215463
2024-06-28,-0.010982766969376324,0.0,0.0,0.0,1.0336774592006903,0.9975152104827972,0.9974353619733785,-0.0025646380266215463
2024-07-01,0.0044422887669539725,0.0,0.0,0.0,1.0382693529663511,0.9975152104827972,0.9974353619733785,-0.0025646380266215463
2024-07-02,-0.0019646843207882458,0.0,0.0,0.0,1.0362294814478232,0.9975152104827972,0.9974353619733785,-0.0025646380266215463
2024-07-03,0.011165574069958361,0.0,0.0,0.0,1.0477995784764034,0.9975152104827972,0.9974353619733785,-0.0025646380266215463
2024-07-04,0.0059715432782802115,0.0,0.0,0.0,1.0540565590062392,0.9975152104827972,0.9974353619733785,-0.0025646380266215463
2024-07-05,0.002300000465376395,0.0,0.0,0.0,1.0564808895824866,0.9975152104827972,0.9974353619733785,-0.0025646380266215463
2024-07-08,0.00870565854692611,0.0,0.0,0.0,1.0656782514685446,0.9975152104827972,0.9974353619733785,-0.0025646380266215463
2024-07-09,-0.0008764573699548084,0.0,0.0,0.0,1.0647442299110443,0.9975152104827972,0.9974353619733785,-0.0025646380266215463
2024-07-10,-0.002071913545907278,0.0,0.0,0.0,1.062538171918165,0.9975152104827972,0.9974353619733785,-0.0025646380266215463
2024-07-11,-0.00533754733219789,0.0,0.0,0.0,1.0568668241332848,0.9975152104827972,0.9974353619733785,-0.0025646380266215463
2024-07-12,-0.003510174336368632,0.0,0.0,0.0,1.0531570373302528,0.9975152104827972,0.9974353619733785,-0.0025646380266215463
2024-07-15,-0.0036831745906750423,0.0,0.0,0.0,1.0492780760903675,0.9975152104827972,0.9974353619733785,-0.0025646380266215463
2024-07-16,-0.01141468452112201,0.0,0.0,0.0,1.037300897876866,0.9975152104827972,0.9974353619733785,-0.0025646380266215463
2024-07-17,-0.002283596950933775,0.0,0.0,0.0,1.0349321207092737,0.9975152104827972,0.9974353619733785,-0.0025646380266215463
2024-07-18,-0.001935558330795828,0.0,0.0,0.0,1.0329289492212266,0.9975152104827972,0.9974353619733785,-0.0025646380266215463
2024-07-19,-0.0014238303529357065,0.0,0.0,0.0,1.0314582336308995,0.9975152104827972,0.9974353619733785,-0.0025646380266215463
2024-07-22,0.0054682349316419465,0.0,0.0,0.0,1.0370984895745696,0.9975152104827972,0.9974353619733785,-0.0025646380266215463
2024-07-23,0.0017320966814264316,0.0,0.0,0.0,1.0388948444266741,0.9975152104827972,0.9974353619733785,-0.0025646380266215463
2024-07-24,0.006865130513548712,0.0,0.0,0.0,1.0460269931235162,0.9975152104827972,0.9974353619733785,-0.0025646380266215463
2024-07-25,-0.0015001837853143019,0.0,0.0,0.0,1.0444577603894312,0.9975152104827972,0.9974353619733785,-0.0025646380266215463
2024-07-26,-0.00860542501745234,0.0,0.0,0.0,1.0354697574485037,0.9975152104827972,0.9974353619733785,-0.0025646380266215463
2024-07-29,-0.0009750056753900394,0.0,0.0,0.0,1.0344601685582966,0.9975152104827972,0.9974353619733785,-0.0025646380266215463
2024-07-30,-0.0016342125822602193,0.0,0.0,0.0,1.0327696407349916,0.9975152104827972,0.9974353619733785,-0.0025646380266215463
2024-07-31,0.0016984991841984653,0.0,0.0,0.0,1.034523799127245,0.9975152104827972,0.9974353619733785,-0.0025646380266215463
2024-08-01,0.0018864407962904228,0.0,0.0,0.0,1.036475367026652,0.9975152104827972,0.9974353619733785,-0.0025646380266215463
2024-08-02,-0.0019337358923850578,0.0,0.0,0.0,1.0344710974078595,0.9975152104827972,0.9974353619733785,-0.0025646380266215463
2024-08-05,0.005748022751472548,0.0,0.0,0.0,1.0404172608115005,0.9975152104827972,0.9974353619733785,-0.0025646380266215463
2024-08-06,-0.0034018915622882396,0.0,0.0,0.0,1.036877874110687,0.9975152104827972,0.9974353619733785,-0.0025646380266215463
2024-08-07,-0.002749271332990089,0.0,0.0,0.0,1.0340272154955827,0.9975152104827972,0.9974353619733785,-0.0025646380266215463
2024-08-08,-0.0025764718902078097,0.0,0.0,0.0,1.0313630734411485,0.9975152104827972,0.9974353619733785,-0.0025646380266215463
2024-08-09,0.007697801699371942,0.0,0.0,0.0,1.0393023018605532,0.9975152104827972,0.9974353619733785,-0.0025646380266215463
2024-08-12,0.0035440835729629084,0.0,0.0,0.0,1.0429856760759197,0.9975152104827972,0.9974353619733785,-0.0025646380266215463
2024-08-13,0.006335988464522724,0.0,0.0,0.0,1.0495940212881991,0.9975152104827972,0.9974353619733785,-0.0025646380266215463
2024-08-14,-0.0008611025653719184,0.0,0.0,0.0,1.0486902131838687,0.9975152104827972,0.9974353619733785,-0.0025646380266215463
2024-08-15,-0.0022488538262828706,0.0,0.0,0.0,1.0463318621853648,0.9975152104827972,0.9974353619733785,-0.0025646380266215463
2024-08-16,-0.006921707883370654,0.0,0.0,0.0,1.0390894586862545,0.9975152104827972,0.9974353619733785,-0.0025646380266215463
2024-08-19,0.004026639235094787,0.0,0.0,0.0,1.0432734970693738,0.9975152104827972,0.9974353619733785,-0.0025646380266215463
2024-08-20,0.0032885201345185023,0.0,0.0,0.0,1.046704322970296,0.9975152104827972,0.9974353619733785,-0.0025646380266215463
2024-08-21,-0.0024948279953902253,0.0,0.0,0.0,1.0440929757224535,0.9975152104827972,0.9974353619733785,-0.0025646380266215463
2024-08-22,0.014194333413629768,0.0,0.0,0.0,1.0589131795346869,0.9975152104827972,0.9974353619733785,-0.0025646380266215463
2024-08-23,0.003145248674870338,0.0,0.0,0.0,1.0622437248094212,0.9975152104827972,0.9974353619733785,-0.0025646380266215463
2024-08-26,-0.001608667994393853,0.0,0.0,0.0,1.0605349273270746,0.9975152104827972,0.9974353619733785,-0.0025646380266215463
2024-08-27,-0.00304540770974151,0.0,0.0,0.0,1.0573051660829424,0.9975152104827972,0.9974353619733785,-0.0025646380266215463
2024-08-28,0.003932413153214342,0.0,0.0,0.0,1.0614629268250084,0.9975152104827972,0.9974353619733785,-0.0025646380266215463
2024-08-29,0.001927399476835745,0.0,0.0,0.0,1.0635087899148516,0.9975152104827972,0.9974353619733785,-0.0025646380266215463
2024-08-30,-0.0045200046879939615,0.0,0.0,0.0,1.0587017251987136,0.9975152104827972,0.9974353619733785,-0.0025646380266215463
2024-09-02,0.0005888647982037809,0.0,0.0,0.0,1.0593251573764808,0.9975152104827972,0.9974353619733785,-0.0025646380266215463
2024-09-03,0.007894072715726152,0.0,0.0,0.0,1.0676875471984089,0.9975152104827972,0.9974353619733785,-0.0025646380266215463
2024-09-04,0.008101205180394266,0.0,0.0,0.0,1.0763371030868152,0.9975152104827972,0.9974353619733785,-0.0025646380266215463
2024-09-05,-0.0029450513657671928,0.0,0.0,0.0,1.0731672350313435,0.9975152104827972,0.9974353619733785,-0.0025646380266215463
2024-09-06,-0.00252241371395181,0.0,0.0,0.0,1.0704602632803366,0.9975152104827972,0.9974353619733785,-0.0025646380266215463
2024-09-09,0.0010093064115599293,0.0,0.0,0.0,1.0715406856873857,0.9975152104827972,0.9974353619733785,-0.0025646380266215463
2024-09-10,0.008359125376649956,0.0,0.0,0.0,1.080497828625228,0.9975152104827972,0.9974353619733785,-0.0025646380266215463
2024-09-11,0.003975070110332624,0.0,0.0,0.0,1.0847928832480755,0.9975152104827972,0.9974353619733785,-0.0025646380266215463
2024-09-12,0.003890212880047317,0.0,0.0,0.0,1.0890129584946708,0.9975152104827972,0.9974353619733785,-0.0025646380266215463
2024-09-13,0.002966185536927279,0.0,0.0,0.0,1.092243172981684,0.9975152104827972,0.9974353619733785,-0.0025646380266215463
2024-09-16,-8.523806828527602e-05,0.0,0.0,0.0,1.0921500722835211,0.9975152104827972,0.9974353619733785,-0.0025646380266215463
2024-09-17,-0.005482422743219473,0.0,0.0,0.0,1.0861624438882251,0.9975152104827972,0.9974353619733785,-0.0025646380266215463
2024-09-18,0.0001136873407274419,0.0,0.0,0.0,1.086285926808069,0.9975152104827972,0.9974353619733785,-0.0025646380266215463
2024-09-19,0.005593173425362685,0.0,0.0,0.0,1.0923617123862372,0.9975152104827972,0.9974353619733785,-0.0025646380266215463
2024-09-20,0.010254409969924837,0.0,0.0,0.0,1.1035632372204949,0.9975152104827972,0.9974353619733785,-0.0025646380266215463
2024-09-23,0.0008686402421259176,0.0,0.0,0.0,1.1045218366580754,0.9975152104827972,0.9974353619733785,-0.0025646380266215463
2024-09-24,0.002406209624742883,0.0,0.0,0.0,1.1071795477321806,0.9975152104827972,0.9974353619733785,-0.0025646380266215463
2024-09-25,0.0021356426449672616,0.0,0.0,0.0,1.109544087589953,0.9975152104827972,0.9974353619733785,-0.0025646380266215463
2024-09-26,-0.010972760097385615,0.0,0.0,0.0,1.0973693264993558,0.9975152104827972,0.9974353619733785,-0.0025646380266215463
2024-09-27,0.001490812444662515,0.0,0.0,0.0,1.099005298347692,0.9975152104827972,0.9974353619733785,-0.0025646380266215463
2024-09-30,0.00031733403404131665,0.0,0.0,0.0,1.0993540501324492,0.9975152104827972,0.9974353619733785,-0.0025646380266215463
2024-10-01,0.007392723484995911,0.0,0.0,0.0,1.1074812706371888,0.9975152104827972,0.9974353619733785,-0.0025646380266215463
2024-10-02,-0.005493290968333753,0.0,0.0,0.0,1.101397553775599,0.9975152104827972,0.9974353619733785,-0.0025646380266215463
2024-10-03,-0.004615768962803568,0.0,0.0,0.0,1.0963137571311736,0.9975152104827972,0.9974353619733785,-0.0025646380266215463
2024-10-04,-0.0051799078007303545,0.0,0.0,0.0,1.0906349529485617,0.9975152104827972,0.9974353619733785,-0.0025646380266215463
2024-10-07,-0.0005639332606197867,0.0,0.0,0.0,1.0900199076233996,0.9975152104827972,0.9974353619733785,-0.0025646380266215463
2024-10-08,-0.0045065785119002945,0.0,0.0,0.0,1.0851076473301604,0.9975152104827972,0.9974353619733785,-0.0025646380266215463
2024-10-09,-0.004159205533937993,0.0015514775486797916,0.1,0.0015314775486797915,1.0805944615984664,0.9990628329363279,0.9989629118365001,-0.0010370881634998996
2024-10-10,-0.0019271997231669613,0.0,0.0,-2e-05,1.0785119402512182,0.9990628329363279,0.9989429325782634,-0.0010570674217366127
2024-10-11,0.0035855665591626117,0.0,0.0,0.0,1.0823790165978406,0.9990628329363279,0.9989429325782634,-0.0010570674217366127
2024-10-14,-0.0007594585059181314,0.0013290043758106718,0.1,0.0013090043758106718,1.0815569946470582,1.0003905918130103,1.0002505532481933,0.0
2024-10-15,0.003308725501888754,0.00214104005410094,0.1,0.00214104005410094,1.085135569856993,1.0025324681398275,1.0023921297468343,0.0
2024-10-16,0.0010640402625159084,0.0,0.0,-2e-05,1.086290197793609,1.0025324681398275,1.0023720819042394,-2.0000000000020002e-05
2024-10-17,0.00018758655850148465,0.0,0.0,0.0,1.086493971233347,1.0025324681398275,1.0023720819042394,-2.0000000000020002e-05
2024-10-18,-0.0018643792981988482,0.0,0.0,0.0,1.0844683343657617,1.0025324681398275,1.0023720819042394,-2.0000000000020002e-05
2024-10-21,0.003275513452038359,0.0,0.0,0.0,1.0880205249832864,1.0025324681398275,1.0023720819042394,-2.0000000000020002e-05
2024-10-22,-0.0028117157840460093,0.0,0.0,0.0,1.0849613204998247,1.0025324681398275,1.0023720819042394,-2.0000000000020002e-05
2024-10-23,-0.004428257088412735,0.0,0.0,0.0,1.0801568328416677,1.0025324681398275,1.0023720819042394,-2.0000000000020002e-05
2024-10-24,-0.008323589132316645,0.0,0.0,0.0,1.0711660511666292,1.0025324681398275,1.0023720819042394,-2.0000000000020002e-05
2024-10-25,0.0021891952508945713,0.0,0.0,0.0,1.0735110427987626,1.0025324681398275,1.0023720819042394,-2.0000000000020002e-05
2024-10-28,0.011136520228321211,0.0,0.0,0.0,1.0854662202422172,1.0025324681398275,1.0023720819042394,-2.0000000000020002e-05
2024-10-29,0.003078935726768295,0.0,0.0,0.0,1.088808300967921,1.0025324681398275,1.0023720819042394,-2.0000000000020002e-05
2024-10-30,-0.003556234131710345,0.0,0.0,0.0,1.0849362437251293,1.0025324681398275,1.0023720819042394,-2.0000000000020002e-05
2024-10-31,-0.013871915226329556,0.0,0.0,0.0,1.0698861001262019,1.0025324681398275,1.0023720819042394,-2.0000000000020002e-05
2024-11-01,-9.237607146587168e-05,0.0,0.0,0.0,1.0697872682513563,1.0025324681398275,1.0023720819042394,-2.0000000000020002e-05
2024-11-04,0.016325573217480138,0.0,0.0,0.0,1.0872521586263217,1.0025324681398275,1.0023720819042394,-2.0000000000020002e-05
2024-11-05,-0.0023124541372500527,0.0,0.0,0.0,1.0847379378738724,1.0025324681398275,1.0023720819042394,-2.0000000000020002e-05
2024-11-06,-0.006058890320733856,0.0,0.0,0.0,1.0781656296815556,1.0025324681398275,1.0023720819042394,-2.0000000000020002e-05
2024-11-07,-0.0012301263884251235,0.0,0.0,0.0,1.0768393496893913,1.0025324681398275,1.0023720819042394,-2.0000000000020002e-05
2024-11-08,0.005140586822854854,0.0,0.0,0.0,1.0823749358607362,1.0025324681398275,1.0023720819042394,-2.0000000000020002e-05
2024-11-11,0.0032133128752559136,0.0,0.0,0.0,1.0858529451779917,1.0025324681398275,1.0023720819042394,-2.0000000000020002e-05
2024-11-12,0.006619813334706959,0.0,0.0,0.0,1.0930410889840116,1.0025324681398275,1.0023720819042394,-2.0000000000020002e-05
2024-11-13,0.0005898049285271934,0.0,0.0,0.0,1.093685770005377,1.0025324681398275,1.0023720819042394,-2.0000000000020002e-05
2024-11-14,0.005956692854744506,0.0,0.0,0.0,1.1002005202169038,1.0025324681398275,1.0023720819042394,-2.0000000000020002e-05
2024-11-15,0.006449542556127119,0.0,0.0,0.0,1.107296310292316,1.0025324681398275,1.0023720819042394,-2.0000000000020002e-05
2024-11-18,-0.00533240749174495,0.0,0.0,0.0,1.1013917551517316,1.0025324681398275,1.0023720819042394,-2.0000000000020002e-05
2024-11-19,0.001181564716885064,0.0,0.0,0.0,1.102693120789087,1.0025324681398275,1.0023720819042394,-2.0000000000020002e-05
2024-11-20,-9.744153490289786e-05,0.0,0.0,0.0,1.1025856726788705,1.0025324681398275,1.0023720819042394,-2.0000000000020002e-05
2024-11-21,-0.0038947502555165435,0.0,0.0,0.0,1.0982913768484757,1.0025324681398275,1.0023720819042394,-2.0000000000020002e-05
2024-11-22,0.0008794261826324367,0.0,0.0,0.0,1.0992572430414356,1.0025324681398275,1.0023720819042394,-2.0000000000020002e-05
2024-11-25,-0.00727150907008659,0.0,0.0,0.0,1.0912639840283014,1.0025324681398275,1.0023720819042394,-2.0000000000020002e-05
2024-11-26,0.005415264242083906,0.0005130114861443324,0.1,0.0004930114861443324,1.097173466859684,1.0030467788112158,1.0028662628540086,0.0
2024-11-27,-0.0012070683364665325,0.0,0.0,-2e-05,1.0958491035082265,1.0030467788112158,1.0028462055287515,-2.0000000000020002e-05
2024-11-28,-0.0013799231193620254,0.0011278511120017764,0.1,0.0011078511120017763,1.0943369159949632,1.004178066236088,1.0039572098127132,0.0
2024-11-29,-0.0047836867260173666,0.0,0.0,-2e-05,1.0891019510161273,1.004178066236088,1.003937130668517,-1.999999999990898e-05
2024-12-02,0.00772971909531669,0.002011917979243649,0.1,0.001991917979243649,1.0975204031636434,1.0061983901419105,1.0059368910891258,0.0
2024-12-03,0.0032962123628331175,0.0,0.0,-2e-05,1.101138063485013,1.0061983901419105,1.005916772351304,-1.999999999990898e-05
2024-12-04,-0.0004032455017755288,0.0,0.0,0.0,1.1006940345140788,1.0061983901419105,1.005916772351304,-1.999999999990898e-05
2024-12-05,-0.0015321768937749947,0.0001122745071675535,0.1,9.22745071675535e-05,1.0990075765472802,1.0063113605702765,1.0060095928257244,0.0
2024-12-06,0.0029027380853292152,0.0,0.0,-2e-05,1.1021977076957894,1.0063113605702765,1.0059894726338678,-2.0000000000131024e-05
2024-12-09,0.0035373975061284146,0.0,0.0,0.0,1.1060966191182529,1.0063113605702765,1.0059894726338678,-2.0000000000131024e-05
2024-12-10,0.0025355990538504457,0.0,0.0,0.0,1.1089012366591564,1.0063113605702765,1.0059894726338678,-2.0000000000131024e-05
2024-12-11,0.002375801906361541,0.0,0.0,0.0,1.111535766331178,1.0063113605702765,1.0059894726338678,-2.0000000000131024e-05
2024-12-12,0.0001887166156578357,0.0,0.0,0.0,1.1117455315991827,1.0063113605702765,1.0059894726338678,-2.0000000000131024e-05
2024-12-13,0.005156439778324351,0.0,0.0,0.0,1.1174781804816951,1.0063113605702765,1.0059894726338678,-2.0000000000131024e-05
2024-12-16,-0.009326852962439392,0.0,0.0,0.0,1.107055625803608,1.0063113605702765,1.0059894726338678,-2.0000000000131024e-05
2024-12-17,0.005353848778179027,0.0,0.0,0.0,1.1129826342131928,1.0063113605702765,1.0059894726338678,-2.0000000000131024e-05
2024-12-18,0.0009800364078224044,0.0,0.0,0.0,1.1140733977159956,1.0063113605702765,1.0059894726338678,-2.0000000000131024e-05
2024-12-19,0.003584327172017099,0.0,0.0,0.0,1.1180666012670504,1.0063113605702765,1.0059894726338678,-2.0000000000131024e-05
2024-12-20,0.004933758239423181,0.0,0.0,0.0,1.1235828715732754,1.0063113605702765,1.0059894726338678,-2.0000000000131024e-05
2024-12-23,-0.007372302970661692,0.0,0.0,0.0,1.1152994782313912,1.0063113605702765,1.0059894726338678,-2.0000000000131024e-05
2024-12-24,0.009649015534075189,0.0,0.0,0.0,1.1260610202219918,1.0063113605702765,1.0059894726338678,-2.0000000000131024e-05
2024-12-25,0.0035786707682009373,0.0,0.0,0.0,1.1300908218782706,1.0063113605702765,1.0059894726338678,-2.0000000000131024e-05
2024-12-26,-0.001766564359709217,0.0,0.0,0.0,1.1280944437091058,1.0063113605702765,1.0059894726338678,-2.0000000000131024e-05
2024-12-27,-0.0023084634790276576,0.0,0.0,0.0,1.1254902788849093,1.0063113605702765,1.0059894726338678,-2.0000000000131024e-05
2024-12-30,0.00800297747597897,0.0,0.0,0.0,1.1344975522362584,1.0063113605702765,1.0059894726338678,-2.0000000000131024e-05
2024-12-31,0.0012163229079444418,0.0,0.0,0.0,1.1358774675980503,1.0063113605702765,1.0059894726338678,-2.0000000000131024e-05
2025-11-05,2.6434747711916,0.0,0.0,0.0,4.1385408963585,1.0063113605702765,1.0059894726338678,-2.0000000000131024e-05
2025-11-06,-0.020931474177459743,0.0,0.0,0.0,4.051915134454011,1.0063113605702765,1.0059894726338678,-2.0000000000131024e-05
2025-11-07,-0.007492020291210972,0.0,0.0,0.0,4.021558104048417,1.0063113605702765,1.0059894726338678,-2.0000000000131024e-05
2025-11-10,0.027067223217527556,0.0,0.0,0.0,4.130410514932952,1.0063113605702765,1.0059894726338678,-2.0000000000131024e-05
2025-11-11,-0.0022445784286222936,0.0,0.0,0.0,4.121139484589778,1.0063113605702765,1.0059894726338678,-2.0000000000131024e-05
2025-11-12,-0.011873265698099624,0.0,0.0,0.0,4.072208100510315,1.0063113605702765,1.0059894726338678,-2.0000000000131024e-05
2025-11-13,-0.024795231331896254,0.0,0.0,0.0,3.9712367586265396,1.0063113605702765,1.0059894726338678,-2.0000000000131024e-05
2025-11-14,0.002096124364287157,0.0,0.0,0.0,3.9795609647526495,1.0063113605702765,1.0059894726338678,-2.0000000000131024e-05
2025-11-17,-0.002820548913893241,0.0,0.0,0.0,3.9683364183957446,1.0063113605702765,1.0059894726338678,-2.0000000000131024e-05
2025-11-18,-0.018285343871089408,0.0,0.0,0.0,3.895774022389211,1.0063113605702765,1.0059894726338678,-2.0000000000131024e-05
2025-11-19,0.006323477272663596,0.0,0.0,0.0,3.920408860879223,1.0063113605702765,1.0059894726338678,-2.0000000000131024e-05
2025-11-20,-0.016861283277171086,0.0,0.0,0.0,3.854305736513607,1.0063113605702765,1.0059894726338678,-2.0000000000131024e-05
2025-11-21,0.006650423369792983,0.0,0.0,0.0,3.8799385014580445,1.0063113605702765,1.0059894726338678,-2.0000000000131024e-05
2025-11-24,0.03273792777806693,0.0,0.0,0.0,4.006959647902119,1.0063113605702765,1.0059894726338678,-2.0000000000131024e-05
2025-11-25,0.008015952075734467,0.0026941539819934795,0.2857142857142857,0.0026370111248506223,4.039079244409105,1.0090225183294823,1.008642278064686,0.0
2025-11-26,0.0048090548205632,0.0,0.0,-5.714285714285714e-05,4.0585033979200675,1.0090225183294823,1.0085846413630823,-5.714285714275569e-05
2025-11-28,0.007070205873916713,0.002530982719497286,0.14285714285714285,0.0025024112909258576,4.087197852483353,1.011576336886958,1.0111085349574835,0.0
2025-12-01,-0.0005230485022190701,0.0,0.0,-2.857142857142857e-05,4.085060049768338,1.011576336886958,1.0110796461421991,-2.8571428571377844e-05
2025-12-02,0.005575885927103309,0.0,0.0,0.0,4.107837878611214,1.011576336886958,1.0110796461421991,-2.8571428571377844e-05
2025-12-03,-0.001414448161929752,0.0,0.0,0.0,4.102027554874307,1.011576336886958,1.0110796461421991,-2.8571428571377844e-05
2025-12-04,0.006690899091390788,0.0,0.0,0.0,4.129473807314075,1.011576336886958,1.0110796461421991,-2.8571428571377844e-05
2025-12-05,0.003575386495292051,0.0,0.0,0.0,4.144238272197408,1.011576336886958,1.0110796461421991,-2.8571428571377844e-05
2025-12-08,-0.006919054959244212,0.0,0.0,0.0,4.1155640598278715,1.011576336886958,1.0110796461421991,-2.8571428571377844e-05
2025-12-09,0.001366462106393161,0.0,0.0,0.0,4.12118782216206,1.011576336886958,1.0110796461421991,-2.8571428571377844e-05
2025-12-10,0.00035714671784590834,0.0,0.0,0.0,4.122659690866372,1.011576336886958,1.0110796461421991,-2.8571428571377844e-05
2025-12-11,-0.006405511135075053,0.0,0.0,0.0,4.096251948310402,1.011576336886958,1.0110796461421991,-2.8571428571377844e-05
2025-12-12,-0.00796821783800943,0.0,0.0,0.0,4.063612120466894,1.011576336886958,1.0110796461421991,-2.8571428571377844e-05
2025-12-15,0.0008053503961781283,0.0,0.0,0.0,4.0668847520980265,1.011576336886958,1.0110796461421991,-2.8571428571377844e-05
2025-12-16,0.0076457525217402044,1.2838783396894118e-05,0.14285714285714285,-1.5732645174534455e-05,4.097979146447006,1.0115893242964367,1.0110637391848831,-4.430362424179268e-05
2025-12-17,-0.020649332541079448,0.0,0.0,-2.857142857142857e-05,4.013358612305613,1.0115893242964367,1.0110348516494778,-7.28737869953866e-05
2025-12-18,0.0197382051597693,0.002763548126179532,0.14285714285714285,0.0027349766976081033,4.092575107975027,1.0143849000780594,1.013800008409209,0.0
2025-12-19,0.007697907324366244,0.002219892122689217,0.14285714285714285,0.002219892122689217,4.124079371874227,1.0166367251271176,1.0160505350618587,0.0
2025-12-22,0.005152387080848864,0.0012185366398154152,0.14285714285714285,0.0012185366398154152,4.145328225150267,1.0178755342260668,1.0172886298667356,0.0
2025-12-23,0.009838313362020647,0.0,0.0,-2.857142857142857e-05,4.186111263217724,1.0178755342260668,1.0172595644773108,-2.8571428571488866e-05
2025-12-24,0.0011940522422891104,0.0,0.0,0.0,4.191109698758041,1.0178755342260668,1.0172595644773108,-2.8571428571488866e-05
2025-12-26,-0.0029446798069645403,0.0,0.0,0.0,4.178768222659334,1.0178755342260668,1.0172595644773108,-2.8571428571488866e-05
2025-12-29,-0.007641825438901113,0.0,0.0,0.0,4.146834805352144,1.0178755342260668,1.0172595644773108,-2.8571428571488866e-05
2025-12-30,-0.0003889502001174851,0.0,0.0,0.0,4.145221893124748,1.0178755342260668,1.0172595644773108,-2.8571428571488866e-05
2025-12-31,-0.006736799213588147,0.0,0.0,0.0,4.117296365534997,1.0178755342260668,1.0172595644773108,-2.8571428571488866e-05
2026-01-02,-0.00928943920905878,0.0,0.0,0.0,4.079048991241681,1.0178755342260668,1.0172595644773108,-2.8571428571488866e-05
2026-01-05,0.008487084219532768,0.0,0.0,0.0,4.113668223565949,1.0178755342260668,1.0172595644773108,-2.8571428571488866e-05
2026-01-06,-0.0032671929911712383,0.0,0.0,0.0,4.100228075577911,1.0178755342260668,1.0172595644773108,-2.8571428571488866e-05
2026-01-07,0.0025565987691999075,0.0,0.0,0.0,4.110710713629373,1.0178755342260668,1.0172595644773108,-2.8571428571488866e-05
2026-01-08,-0.0001592799514652521,0.0,0.0,0.0,4.110055959826418,1.0178755342260668,1.0172595644773108,-2.8571428571488866e-05
2026-01-09,0.006965741039722219,0.0,0.0,0.0,4.138685545301336,1.0178755342260668,1.0172595644773108,-2.8571428571488866e-05
2026-01-12,-0.0003324042083444929,0.0,0.0,0.0,4.137309828809063,1.0178755342260668,1.0172595644773108,-2.8571428571488866e-05
2026-01-13,-0.004292775130749137,0.0,0.0,0.0,4.119549288067748,1.0178755342260668,1.0172595644773108,-2.8571428571488866e-05
2026-01-14,-0.01571509148283298,0.0,0.0,0.0,4.0548101941377235,1.0178755342260668,1.0172595644773108,-2.8571428571488866e-05
2026-01-15,0.0018849153036078242,0.0,0.0,0.0,4.062453167925878,1.0178755342260668,1.0172595644773108,-2.8571428571488866e-05
2026-01-16,-0.0022126535925783364,0.0,0.0,0.0,4.053464366329186,1.0178755342260668,1.0172595644773108,-2.8571428571488866e-05
2026-01-20,-0.030843549036581437,0.0,0.0,0.0,3.928441139378276,1.0178755342260668,1.0172595644773108,-2.8571428571488866e-05
2026-01-21,0.010756368123123814,0.00019171304885591743,0.14285714285714285,0.00016314162028448887,3.9706968984234523,1.0180706742480892,1.0174255218509096,0.0
2026-01-22,0.020674495577096236,0.0,0.0,-2.857142857142857e-05,4.052789053887898,1.0180706742480892,1.0173964525502854,-2.857142857126682e-05
2026-01-23,0.010868657861898627,0.0,0.0,0.0,4.096837431501053,1.0180706742480892,1.0173964525502854,-2.857142857126682e-05
2026-01-26,0.0050787529687654764,0.0,0.0,0.0,4.1176442567688385,1.0180706742480892,1.0173964525502854,-2.857142857126682e-05
2026-01-27,0.009321004129948154,0.0,0.0,0.0,4.156024835891838,1.0180706742480892,1.0173964525502854,-2.857142857126682e-05
2026-01-28,0.0005072412654789479,0.0,0.0,0.0,4.158132943188957,1.0180706742480892,1.0173964525502854,-2.857142857126682e-05
2026-01-29,-0.0023819833357395315,0.0,0.0,0.0,4.148228339810491,1.0180706742480892,1.0173964525502854,-2.857142857126682e-05
2026-01-30,-0.0024301063090183617,0.0,0.0,0.0,4.138147703950669,1.0180706742480892,1.0173964525502854,-2.857142857126682e-05
2026-02-02,-0.0009023207947685963,0.0,0.0,0.0,4.1344137672255705,1.0180706742480892,1.0173964525502854,-2.857142857126682e-05
2026-02-03,-0.015569842177010915,0.0,0.0,0.0,4.070041597375407,1.0180706742480892,1.0173964525502854,-2.857142857126682e-05
2026-02-04,-0.016386088660068805,0.0,0.0,0.0,4.003349534910645,1.0180706742480892,1.0173964525502854,-2.857142857126682e-05
2026-02-05,-0.019190702983803765,0.0,0.0,0.0,3.9265224430458256,1.0180706742480892,1.0173964525502854,-2.857142857126682e-05
2026-02-06,0.006680707612298014,0.0,0.0,0.0,3.952754391420941,1.0180706742480892,1.0173964525502854,-2.857142857126682e-05
2026-02-09,0.011327831395587034,0.0,0.0,0.0,3.997530526715124,1.0180706742480892,1.0173964525502854,-2.857142857126682e-05
2026-02-10,-0.004133783692581867,0.0,0.0,0.0,3.981005600213191,1.0180706742480892,1.0173964525502854,-2.857142857126682e-05
2026-02-11,-0.005791581517717669,0.0,0.0,0.0,3.957949281757066,1.0180706742480892,1.0173964525502854,-2.857142857126682e-05
2026-02-12,-0.022177697816954382,0.0,0.0,0.0,3.8701710786114263,1.0180706742480892,1.0173964525502854,-2.857142857126682e-05
2026-02-13,-0.010765225786583772,0.0,0.0,0.0,3.8285078131174677,1.0180706742480892,1.0173964525502854,-2.857142857126682e-05
2026-02-17,0.0021536164824179477,0.0,0.0,0.0,3.836752950646863,1.0180706742480892,1.0173964525502854,-2.857142857126682e-05
2026-02-18,0.00788848839306471,0.0,0.0,0.0,3.867019131765098,1.0180706742480892,1.0173964525502854,-2.857142857126682e-05
2026-02-19,-0.002200997532439884,0.0,0.0,0.0,3.8585078321981854,1.0180706742480892,1.0173964525502854,-2.857142857126682e-05
2026-02-20,0.01504327555107681,0.0,0.0,0.0,3.9165524287339304,1.0180706742480892,1.0173964525502854,-2.857142857126682e-05
2026-02-23,-0.015467155818956508,0.0,0.0,0.0,3.8559745020455902,1.0180706742480892,1.0173964525502854,-2.857142857126682e-05
2026-02-24,0.011742243561500507,0.0,0.0,0.0,3.9012522938155447,1.0180706742480892,1.0173964525502854,-2.857142857126682e-05
2026-02-25,0.01572256783722497,0.0,0.0,0.0,3.9625899976551895,1.0180706742480892,1.0173964525502854,-2.857142857126682e-05
2026-02-26,-0.014719923452936807,0.0,0.0,0.0,3.904260976214332,1.0180706742480892,1.0173964525502854,-2.857142857126682e-05
2026-02-27,-0.014310483428226781,0.0,0.0,0.0,3.848389114214744,1.0180706742480892,1.0173964525502854,-2.857142857126682e-05
2026-03-02,0.004647227034838409,0.0,0.0,0.0,3.8662734521469004,1.0180706742480892,1.0173964525502854,-2.857142857126682e-05
2026-03-03,-0.005159571378594336,0.0,0.0,0.0,3.846325138301384,1.0180706742480892,1.0173964525502854,-2.857142857126682e-05
2026-03-04,0.015157161997545576,0.0,0.0,0.0,3.9046245115178495,1.0180706742480892,1.0173964525502854,-2.857142857126682e-05
2026-03-05,-0.00037998736763601915,0.0,0.0,0.0,3.9031408035281108,1.0180706742480892,1.0173964525502854,-2.857142857126682e-05
2026-03-06,-0.017816372373901705,0.0,0.0,0.0,3.8336009935446844,1.0180706742480892,1.0173964525502854,-2.857142857126682e-05
2026-03-09,0.010582405632939171,0.0,0.0,0.0,3.8741697142932128,1.0180706742480892,1.0173964525502854,-2.857142857126682e-05
2026-03-10,0.0034588334338792525,0.0,0.0,0.0,3.8875698220295325,1.0180706742480892,1.0173964525502854,-2.857142857126682e-05
2026-03-11,0.0035504814201246593,0.0,0.0,0.0,3.9013725664520855,1.0180706742480892,1.0173964525502854,-2.857142857126682e-05
2026-03-12,-0.018656250419195258,0.0,0.0,0.0,3.828587582873777,1.0180706742480892,1.0173964525502854,-2.857142857126682e-05
2026-03-13,-0.016369108791313147,0.0,0.0,0.0,3.7659170162126454,1.0180706742480892,1.0173964525502854,-2.857142857126682e-05
2026-03-16,0.0146255103104482,0.0,0.0,0.0,3.8209954743615557,1.0180706742480892,1.0173964525502854,-2.857142857126682e-05
2026-03-17,0.004687656798345945,0.0,0.0,0.0,3.8389069897733963,1.0180706742480892,1.0173964525502854,-2.857142857126682e-05
2026-03-18,-0.015283324173009387,0.0,0.0,0.0,3.7802357297786577,1.0180706742480892,1.0173964525502854,-2.857142857126682e-05
2026-03-19,-0.010665517797173047,0.0,0.0,0.0,3.739917558325194,1.0180706742480892,1.0173964525502854,-2.857142857126682e-05
2026-03-20,-0.0207475623265998,0.0,0.0,0.0,3.662323385687497,1.0180706742480892,1.0173964525502854,-2.857142857126682e-05
2026-03-23,0.016199104035781304,0.0,0.0,0.0,3.7216497432249236,1.0180706742480892,1.0173964525502854,-2.857142857126682e-05
2026-03-24,-0.0133835044117688,0.0,0.0,0.0,3.6718410274674147,1.0180706742480892,1.0173964525502854,-2.857142857126682e-05
