date,quantile,mean_return
2024-04-04,1,-0.00916252737390072
2024-04-04,2,0.002029242138501808
2024-04-04,3,0.006192589546359151
2024-04-04,4,-0.01774656348864584
2024-04-04,5,-0.010871247205888113
2024-04-05,1,0.003979650906985155
2024-04-05,2,0.0071885583307523815
2024-04-05,3,0.0035248575386588876
2024-04-05,4,0.010853540243785154
2024-04-05,5,0.018743598095942282
2024-04-08,1,-0.014284458318474247
2024-04-08,2,0.008474515675902405
2024-04-08,3,0.023854455637533634
2024-04-08,4,-0.022424184367927646
2024-04-08,5,0.010585260234233118
2024-04-09,1,0.00903239235387554
2024-04-09,2,-0.005183691372414256
2024-04-09,3,-0.0007550766487789407
2024-04-09,4,-0.006736269537761463
2024-04-09,5,0.010368144105178612
2024-04-10,1,0.007427017655679546
2024-04-10,2,0.003387988304012046
2024-04-10,3,-0.011147745550748156
2024-04-10,4,-0.01991432206526239
2024-04-10,5,0.01499817744085885
2024-04-11,1,-0.007559124250224092
2024-04-11,2,-0.008632002484650791
2024-04-11,3,-0.005113000587083083
2024-04-11,4,0.0006186092118852238
2024-04-11,5,0.009583685524879426
2024-04-12,1,0.003749605378603249
2024-04-12,2,-0.0006180537146190934
2024-04-12,3,0.012695929527678507
2024-04-12,4,0.0030078856399714526
2024-04-12,5,0.005682378584329351
2024-04-15,1,-0.003567213403432301
2024-04-15,2,-0.021424447814234915
2024-04-15,3,0.018179973132907645
2024-04-15,4,-0.011397752749371548
2024-04-15,5,-0.009771849625447748
2024-04-16,1,-0.00362475507396276
2024-04-16,2,0.014032959304868808
2024-04-16,3,0.005161811868825139
2024-04-16,4,0.0016244742910404009
2024-04-16,5,0.0052583748873061276
2024-04-17,1,0.0031167397303129007
2024-04-17,2,0.010245427163979248
2024-04-17,3,-0.01673190773714678
2024-04-17,4,0.004443281611374528
2024-04-17,5,0.014303521218348991
2024-04-18,1,0.002394420575765388
2024-04-18,2,-0.022334141136409802
2024-04-18,3,0.006046734106911922
2024-04-18,4,0.004080428835650185
2024-04-18,5,-0.010288837859345368
2024-04-19,1,0.007241068306936882
2024-04-19,2,0.009427049898585116
2024-04-19,3,-0.020392408587068978
2024-04-19,4,0.00032941179008383337
2024-04-19,5,0.010215221310982736
2024-04-22,1,0.003237192749609097
2024-04-22,2,-0.016515785191864363
2024-04-22,3,-0.01825268461427998
2024-04-22,4,0.015070213169341873
2024-04-22,5,0.005779054990603716
2024-04-23,1,0.009528685407638293
2024-04-23,2,-0.0074014712680725014
2024-04-23,3,-0.009195585260367845
2024-04-23,4,-0.017676944231575176
2024-04-23,5,-0.0033954824284995744
2024-04-24,1,0.0073423797958747095
2024-04-24,2,-0.010479343337735259
2024-04-24,3,0.01079901344424139
2024-04-24,4,0.00711947518364725
2024-04-24,5,0.0027139234244008548
2024-04-25,1,0.003788280934858723
2024-04-25,2,0.01646954563948011
2024-04-25,3,0.006601539894846631
2024-04-25,4,-0.014389912531147964
2024-04-25,5,-0.0073492798300898166
2024-04-26,1,0.00919240408741917
2024-04-26,2,0.010283258174703103
2024-04-26,3,0.0011991363014386414
2024-04-26,4,0.0020271563508301726
2024-04-26,5,0.00742028197246658
2024-04-29,1,0.0022307333315597644
2024-04-29,2,-0.0053640163631349935
2024-04-29,3,0.020041985410281904
2024-04-29,4,-0.0031919521650950466
2024-04-29,5,-0.005515343644868886
2024-04-30,1,0.015890268133014196
2024-04-30,2,-0.015154688246289127
2024-04-30,3,0.010920321386981069
2024-04-30,4,0.00968105002091646
2024-04-30,5,0.012840574380435177
2024-05-01,1,0.004150826442129774
2024-05-01,2,0.008561015783589254
2024-05-01,3,0.004655925676675388
2024-05-01,4,-0.0218169172855201
2024-05-01,5,-0.0034549943843153463
2024-05-02,1,0.0025304324218524687
2024-05-02,2,-0.00136097362238069
2024-05-02,3,0.0106547803213346
2024-05-02,4,0.0050710659795731305
2024-05-02,5,0.0005517153122440721
2024-05-03,1,0.01584239592861625
2024-05-03,2,0.010511977900230063
2024-05-03,3,-0.01314307443601781
2024-05-03,4,-0.007107734347433392
2024-05-03,5,-0.020515908042629094
2024-05-06,1,0.00530574408515333
2024-05-06,2,-0.006406443318307697
2024-05-06,3,-0.00197454820020998
2024-05-06,4,0.0030459403516580608
2024-05-06,5,0.0016627804499854126
2024-05-07,1,0.005024727375868343
2024-05-07,2,0.018425266805221385
2024-05-07,3,-0.00744078376123708
2024-05-07,4,-0.00026262521920672466
2024-05-07,5,-0.012187053357016697
2024-05-08,1,-0.006180804686212238
2024-05-08,2,-0.01369093782280112
2024-05-08,3,0.01061028140084741
2024-05-08,4,-0.004199628511159903
2024-05-08,5,-0.005384726619547198
2024-05-09,1,0.022000999062630533
2024-05-09,2,0.0044804765571008764
2024-05-09,3,-0.009417093617975547
2024-05-09,4,0.01769184792495282
2024-05-09,5,0.002969329096277895
2024-05-10,1,0.022622865196846198
2024-05-10,2,-0.008915239387540685
2024-05-10,3,-0.00253926446773034
2024-05-10,4,-0.013583574560907585
2024-05-10,5,0.0010084302818593738
2024-05-13,1,-0.007971469557151611
2024-05-13,2,-0.004289000517592789
2024-05-13,3,-0.0021149705491478876
2024-05-13,4,-0.008259982870272964
2024-05-13,5,0.016974343460470998
2024-05-14,1,0.012549406618352021
2024-05-14,2,0.0036623404437907126
2024-05-14,3,0.002119257363063509
2024-05-14,4,-0.00695336033463273
2024-05-14,5,-0.018348305005570553
2024-05-15,1,-0.0009456318363063043
2024-05-15,2,-0.0018021593572097871
2024-05-15,3,-0.006588790027257374
2024-05-15,4,-0.010516570204395781
2024-05-15,5,0.006302604983547178
2024-05-16,1,-0.003111086811857733
2024-05-16,2,0.01481776550823477
2024-05-16,3,-0.01679562313018529
2024-05-16,4,-0.005944244135757837
2024-05-16,5,0.01572979049760237
2024-05-17,1,-0.005751178321835748
2024-05-17,2,0.0036676393986395106
2024-05-17,3,0.006077879221139781
2024-05-17,4,0.00893923327031454
2024-05-17,5,0.009800139373328187
2024-05-20,1,0.0006076431404012927
2024-05-20,2,-0.0035116387011336347
2024-05-20,3,0.017191964149505412
2024-05-20,4,0.008390360377776185
2024-05-20,5,-0.009429651026183206
2024-05-21,1,-0.019816810945653074
2024-05-21,2,-0.004763385630495942
2024-05-21,3,-0.008182799511015693
2024-05-21,4,0.00436261901786994
2024-05-21,5,-0.004922896100141239
2024-05-22,1,-0.006580885391332059
2024-05-22,2,0.0036868270313473728
2024-05-22,3,0.01577209604797336
2024-05-22,4,0.005130085040665366
2024-05-22,5,0.008018042437592465
2024-05-23,1,-0.004010847629141445
2024-05-23,2,0.012153198302155777
2024-05-23,3,-0.008524209108939917
2024-05-23,4,-0.013437104859238824
2024-05-23,5,-0.005362398815918379
2024-05-24,1,0.001656826849253612
2024-05-24,2,0.012831267845744398
2024-05-24,3,0.009323636954920722
2024-05-24,4,-0.01938046028013718
2024-05-24,5,0.01450760694023967
2024-05-27,1,-0.005005216122044465
2024-05-27,2,0.0003124818329979795
2024-05-27,3,0.013681788223803282
2024-05-27,4,-0.011438368807464572
2024-05-27,5,-0.0003740777319912736
2024-05-28,1,-0.0011291709629088764
2024-05-28,2,-2.17749903936304e-05
2024-05-28,3,-0.016121707361989313
2024-05-28,4,-0.0012068050663438523
2024-05-28,5,-0.0025636488414083614
2024-05-29,1,-0.00021587162948438765
2024-05-29,2,-0.001918519706738342
2024-05-29,3,0.008896566160389918
2024-05-29,4,0.0129774938446236
2024-05-29,5,-0.01734954789440657
2024-05-30,1,0.006105761129155285
2024-05-30,2,0.0011584692639423078
2024-05-30,3,0.034464095711966514
2024-05-30,4,0.005346962555054513
2024-05-30,5,-0.0006190556725356733
2024-05-31,1,0.00031367560673267736
2024-05-31,2,0.0044222040426757925
2024-05-31,3,0.012003087411678048
2024-05-31,4,0.003901502267940893
2024-05-31,5,-0.008841105807657623
2024-06-03,1,0.004472801515086999
2024-06-03,2,-0.00677210894147201
2024-06-03,3,0.017223812677261363
2024-06-03,4,-0.007954843277765578
2024-06-03,5,0.0057219154984831655
2024-06-04,1,0.00187843954856326
2024-06-04,2,-0.0032460086435479596
2024-06-04,3,-0.0021595201692725663
2024-06-04,4,-0.007600565641103674
2024-06-04,5,-0.014198584352207166
2024-06-05,1,0.0035886368865418183
2024-06-05,2,0.01263892432958963
2024-06-05,3,-0.006046848864337484
2024-06-05,4,0.00043036903662707626
2024-06-05,5,-0.0012951410814973086
2024-06-06,1,-0.014470554628595422
2024-06-06,2,0.011006342175393202
2024-06-06,3,9.82686718364878e-06
2024-06-06,4,0.029344154238414022
2024-06-06,5,-0.0139758838492679
2024-06-07,1,0.018166111915243977
2024-06-07,2,0.00013234469842293706
2024-06-07,3,-0.007042916572127911
2024-06-07,4,-0.012066074079093325
2024-06-07,5,0.01074209967919737
2024-06-10,1,-0.0036052288411007605
2024-06-10,2,0.0014144955105641621
2024-06-10,3,0.004695623051353626
2024-06-10,4,-0.0062469532367125935
2024-06-10,5,0.009547281097430749
2024-06-11,1,0.02594419538045023
2024-06-11,2,0.007098217682879215
2024-06-11,3,0.022956658944147224
2024-06-11,4,-0.008195469214152595
2024-06-11,5,0.005373610132050177
2024-06-12,1,-0.00857769033611655
2024-06-12,2,0.017061428789295285
2024-06-12,3,0.005908102591772546
2024-06-12,4,-0.00310246309866391
2024-06-12,5,-0.014842874713484833
2024-06-13,1,-0.010869131381246955
2024-06-13,2,0.004870286358670706
2024-06-13,3,0.006205300788553969
2024-06-13,4,0.0035480918750619983
2024-06-13,5,0.004598627037263381
2024-06-14,1,0.000678350650166526
2024-06-14,2,-0.0006824972577134103
2024-06-14,3,0.007409283808556433
2024-06-14,4,-0.017543745908454644
2024-06-14,5,0.024481421392296032
2024-06-17,1,-0.003660494167167405
2024-06-17,2,-0.004889485712258501
2024-06-17,3,-0.006074935251170588
2024-06-17,4,-0.021856454484060595
2024-06-17,5,0.013385286022085552
2024-06-18,1,0.004856962908452833
2024-06-18,2,0.00966149598949484
2024-06-18,3,0.015884271974639652
2024-06-18,4,0.004778696537403149
2024-06-18,5,0.014598398642736155
2024-06-19,1,0.016526544513376984
2024-06-19,2,-0.006985961085652526
2024-06-19,3,-0.005568379821389358
2024-06-19,4,0.0002761042585023854
2024-06-19,5,0.009766956843149988
2024-06-20,1,-0.006032534001908174
2024-06-20,2,0.01968818479635348
2024-06-20,3,0.008953005139507308
2024-06-20,4,-0.007611195998989406
2024-06-20,5,0.012420814723157036
2024-06-21,1,0.00017008654891625952
2024-06-21,2,-0.005903895829298789
2024-06-21,3,0.005943257167240756
2024-06-21,4,0.007810068425448069
2024-06-21,5,-0.012154145668704541
2024-06-24,1,-0.0031819360183600875
2024-06-24,2,0.0018988089402764974
2024-06-24,3,-0.004606433592130366
2024-06-24,4,-0.00805164976701489
2024-06-24,5,-0.003050007549911471
2024-06-25,1,0.003110412829731457
2024-06-25,2,-0.017964763785166815
2024-06-25,3,-0.0050428809520838835
2024-06-25,4,-0.02177419178356793
2024-06-25,5,0.017187073433051592
2024-06-26,1,-0.016101295073150834
2024-06-26,2,-0.012676501979766275
2024-06-26,3,0.006609428435445652
2024-06-26,4,-0.009547249403919933
2024-06-26,5,0.005687270444186654
2024-06-27,1,-0.008855977584721564
2024-06-27,2,0.004000910208987851
2024-06-27,3,-0.006689235291957196
2024-06-27,4,-0.004538596974005049
2024-06-27,5,-0.0036608841993077124
2024-06-28,1,0.012092811628075184
2024-06-28,2,-0.023347374804156606
2024-06-28,3,-0.019749202346265926
2024-06-28,4,-0.022784824871585174
2024-06-28,5,-0.0011252444529490924
2024-07-01,1,0.021041962883658005
2024-07-01,2,-0.009893290150269352
2024-07-01,3,-0.002685312130614348
2024-07-01,4,0.0113813024900154
2024-07-01,5,0.0023667807419801568
2024-07-02,1,0.006240346723222212
2024-07-02,2,-0.010953335542177312
2024-07-02,3,-0.0011400443607107458
2024-07-02,4,-0.008331803712475105
2024-07-02,5,0.0043614152881997215
2024-07-03,1,0.017023734101030308
2024-07-03,2,0.002418945894533675
2024-07-03,3,0.02188089855676212
2024-07-03,4,0.019058019793395164
2024-07-03,5,-0.004553727995929457
2024-07-04,1,0.007181076780116591
2024-07-04,2,0.005748276515822881
2024-07-04,3,0.01877573055649495
2024-07-04,4,-0.010550562076273973
2024-07-04,5,0.008703194615240606
2024-07-05,1,-0.003174817615425818
2024-07-05,2,0.007439155860503144
2024-07-05,3,-0.005681245907592114
2024-07-05,4,0.016465695081988252
2024-07-05,5,-0.0035487850925914888
2024-07-08,1,0.02676481663993202
2024-07-08,2,0.006441637546185597
2024-07-08,3,0.006195741444958602
2024-07-08,4,-0.006134718600141642
2024-07-08,5,0.010260815703695969
2024-07-09,1,-0.007906705276390702
2024-07-09,2,0.010772576454786353
2024-07-09,3,-0.0027306055562923426
2024-07-09,4,0.012083510166438605
2024-07-09,5,-0.016601062638315955
2024-07-10,1,-0.012531958636274876
2024-07-10,2,-0.00894710948489108
2024-07-10,3,0.007213641369578472
2024-07-10,4,0.0030559519905600796
2024-07-10,5,0.0008499070314910151
2024-07-11,1,0.0029026201502570514
2024-07-11,2,-0.0026390613978856114
2024-07-11,3,-0.018244180881664906
2024-07-11,4,0.012778966122054092
2024-07-11,5,-0.021486080653750073
2024-07-12,1,0.006519539452306156
2024-07-12,2,0.0028611890276860064
2024-07-12,3,0.004003853865331086
2024-07-12,4,-0.01815404975767604
2024-07-12,5,-0.01278140426949037
2024-07-15,1,-0.01220993378565327
2024-07-15,2,-0.00452941548639979
2024-07-15,3,-0.0020141061347088707
2024-07-15,4,0.0003393644087635317
2024-07-15,5,-1.7819553768116947e-06
2024-07-16,1,0.005835244187923028
2024-07-16,2,-0.017091178199682977
2024-07-16,3,-0.007943643374379528
2024-07-16,4,-0.012498453358229522
2024-07-16,5,-0.025375391861241048
2024-07-17,1,0.003272829515680642
2024-07-17,2,-0.009752983029315265
2024-07-17,3,-0.0009171540944373224
2024-07-17,4,0.0025422561928944987
2024-07-17,5,-0.006562933339491428
2024-07-18,1,-0.0007854211290335145
2024-07-18,2,-0.00033306218960243994
2024-07-18,3,0.0064999822400715335
2024-07-18,4,-0.012113713496082756
2024-07-18,5,-0.0029455770793319624
2024-07-19,1,-0.007141116415106008
2024-07-19,2,-0.0034314734286299275
2024-07-19,3,-0.008692724972805765
2024-07-19,4,0.007355503221596615
2024-07-19,5,0.004790659830266553
2024-07-22,1,0.022746043397733895
2024-07-22,2,-0.01458761677896081
2024-07-22,3,0.0137338226089464
2024-07-22,4,-0.0030649028214954077
2024-07-22,5,0.008513828251985656
2024-07-23,1,0.006200898152150691
2024-07-23,2,0.018808815115406108
2024-07-23,3,0.0015619722990082296
2024-07-23,4,-0.017134031758770873
2024-07-23,5,-0.0007771704006619973
2024-07-24,1,0.013077427181126366
2024-07-24,2,-0.0017624950832628716
2024-07-24,3,0.003281843821182018
2024-07-24,4,0.026658020297520957
2024-07-24,5,-0.006929143648822911
2024-07-25,1,-0.000885880483734558
2024-07-25,2,0.00010053136457022216
2024-07-25,3,-0.0021830373258692193
2024-07-25,4,-0.011436949786378103
2024-07-25,5,0.006904417304840149
2024-07-26,1,-0.011766793751831373
2024-07-26,2,-0.001675977177030774
2024-07-26,3,-0.019911238795838948
2024-07-26,4,4.3880653643024736e-05
2024-07-26,5,-0.009716996016203627
2024-07-29,1,0.012419475912858191
2024-07-29,2,-0.002545707375594841
2024-07-29,3,0.001669400851481151
2024-07-29,4,-0.009045631841023027
2024-07-29,5,-0.00737256592467167
2024-07-30,1,-0.009885560883383993
2024-07-30,2,0.005255078196090779
2024-07-30,3,0.005267319662837555
2024-07-30,4,-0.0018765334462162997
2024-07-30,5,-0.006931366440629139
2024-07-31,1,0.0007079124415880766
2024-07-31,2,-0.000715226448598949
2024-07-31,3,0.0016638697744899567
2024-07-31,4,0.00555662561477549
2024-07-31,5,0.0012793145387377525
2024-08-01,1,0.007494702977257184
2024-08-01,2,-0.012421291854072758
2024-08-01,3,-0.0007835973568067756
2024-08-01,4,0.011837140073377994
2024-08-01,5,0.0033052501416964697
2024-08-02,1,0.008557804446114703
2024-08-02,2,0.0003461860380178372
2024-08-02,3,-0.013000122559773397
2024-08-02,4,0.006926431332769656
2024-08-02,5,-0.012498978719054088
2024-08-05,1,0.0028676527909572425
2024-08-05,2,-0.009550093638337809
2024-08-05,3,-0.0008510838871774729
2024-08-05,4,0.015287758611147506
2024-08-05,5,0.020985879880773273
2024-08-06,1,0.013621506271193629
2024-08-06,2,0.0004156274672831306
2024-08-06,3,-0.0152798267065537
2024-08-06,4,-0.01640630470791965
2024-08-06,5,0.000639539864555394
2024-08-07,1,-0.00015898367407796155
2024-08-07,2,-0.004030581119022214
2024-08-07,3,-0.01020361740107062
2024-08-07,4,0.0011196285042534004
2024-08-07,5,-0.0004728029750330487
2024-08-08,1,-0.005610911168427712
2024-08-08,2,-0.01624519159192095
2024-08-08,3,0.009919426687017174
2024-08-08,4,-0.011174376324156188
2024-08-08,5,0.010228692946448625
2024-08-09,1,-0.004452250488948484
2024-08-09,2,0.003739821836578283
2024-08-09,3,0.012431917931290337
2024-08-09,4,0.007372284906973392
2024-08-09,5,0.019397234310966183
2024-08-12,1,0.0025589161253545822
2024-08-12,2,0.010269690954856858
2024-08-12,3,-0.0068641792763537435
2024-08-12,4,0.0032029296760401893
2024-08-12,5,0.008553060384916655
2024-08-13,1,0.0021754151842462432
2024-08-13,2,0.013227029232046772
2024-08-13,3,-0.0028487755275630744
2024-08-13,4,0.019005912732441788
2024-08-13,5,0.0001203607014418906
2024-08-14,1,0.0007855360695230296
2024-08-14,2,-0.02207876448212065
2024-08-14,3,0.027584716321531144
2024-08-14,4,-0.012796546648554896
2024-08-14,5,0.00219954591276178
2024-08-15,1,-0.00582629887863878
2024-08-15,2,-0.011717620484291313
2024-08-15,3,-0.005348787969989666
2024-08-15,4,0.006237308616036219
2024-08-15,5,0.005411129585469188
2024-08-16,1,-0.0023103111994008385
2024-08-16,2,-0.012059824631731386
2024-08-16,3,-0.0026428847831976854
2024-08-16,4,-0.011618183814019745
2024-08-16,5,-0.005977334988503613
2024-08-19,1,0.0012512771506446585
2024-08-19,2,-0.0031140783316294107
2024-08-19,3,0.02170063724924609
2024-08-19,4,-0.006417705307841248
2024-08-19,5,0.006713065415053843
2024-08-20,1,-0.010167365211689261
2024-08-20,2,0.025209497144939808
2024-08-20,3,0.009411189374895657
2024-08-20,4,0.0010085074970962449
2024-08-20,5,-0.009019228132649937
2024-08-21,1,-0.0035160308276380725
2024-08-21,2,0.013694669343811361
2024-08-21,3,0.0053199098781213094
2024-08-21,4,-0.005529679944344501
2024-08-21,5,-0.022443008426901223
2024-08-22,1,0.02618279798964629
2024-08-22,2,-0.0009382235666777206
2024-08-22,3,0.030162561087916484
2024-08-22,4,0.01832673693172715
2024-08-22,5,-0.0027622053744633668
2024-08-23,1,0.0010687983036227755
2024-08-23,2,0.005349544063370626
2024-08-23,3,0.0019232281542692076
2024-08-23,4,-0.0007936377348424228
2024-08-23,5,0.008178310587931503
2024-08-26,1,0.0015563392291491618
2024-08-26,2,-0.005062677673692617
2024-08-26,3,-0.0009019721192708441
2024-08-26,4,-0.010612746815000462
2024-08-26,5,0.006977717406845496
2024-08-27,1,-0.008304318337149619
2024-08-27,2,-0.003641002152607098
2024-08-27,3,-0.003779004399567576
2024-08-27,4,-0.0009999006523662701
2024-08-27,5,0.0014971869929830128
2024-08-28,1,-0.01240443575790623
2024-08-28,2,0.006302608759797379
2024-08-28,3,0.004701905545311025
2024-08-28,4,0.024991513063154502
2024-08-28,5,-0.0039295258442849645
2024-08-29,1,0.007686862222817781
2024-08-29,2,0.023409715583848967
2024-08-29,3,0.006616116444842779
2024-08-29,4,-0.026878527366315408
2024-08-29,5,-0.0011971695010153938
2024-08-30,1,-0.0056409433130414355
2024-08-30,2,0.0025792802511065416
2024-08-30,3,0.005056982177305214
2024-08-30,4,-0.017794802721584346
2024-08-30,5,-0.006800539833755781
2024-09-02,1,0.011170599229821998
2024-09-02,2,0.00434736713714301
2024-09-02,3,-0.005027425805517516
2024-09-02,4,-0.0023837082744425087
2024-09-02,5,-0.005162508295986079
2024-09-03,1,-0.002542905379012139
2024-09-03,2,0.011675060192420483
2024-09-03,3,0.00446006296089374
2024-09-03,4,0.01513624493776422
2024-09-03,5,0.010741900866564458
2024-09-04,1,0.00945431307028699
2024-09-04,2,0.03647765931585556
2024-09-04,3,-0.003631594689050277
2024-09-04,4,-0.009363112231073278
2024-09-04,5,0.0075687604359523375
2024-09-05,1,0.002260694112145245
2024-09-05,2,-0.01010798485062514
2024-09-05,3,0.006148634271911035
2024-09-05,4,-0.002523242212127297
2024-09-05,5,-0.010503358150139808
2024-09-06,1,0.008873286050499196
2024-09-06,2,-0.0022159012216048657
2024-09-06,3,-0.015871424786366495
2024-09-06,4,-0.00953995840367905
2024-09-06,5,0.0061419297913921644
2024-09-09,1,-0.0108568023204354
2024-09-09,2,-0.0013940893570291712
2024-09-09,3,0.004320797197359949
2024-09-09,4,0.010603691969114593
2024-09-09,5,0.0023729345687896752
2024-09-10,1,0.006209071051964832
2024-09-10,2,0.006245989883704284
2024-09-10,3,0.006878945486957444
2024-09-10,4,0.0011311807308241884
2024-09-10,5,0.021330439729799033
2024-09-11,1,0.009645771831726657
2024-09-11,2,0.004488519771861599
2024-09-11,3,-0.010039223618628634
2024-09-11,4,0.0034590717595681664
2024-09-11,5,0.01232121080713533
2024-09-12,1,-0.003723358056571313
2024-09-12,2,0.007137087746705462
2024-09-12,3,0.014360279370249751
2024-09-12,4,0.00883720337973709
2024-09-12,5,-0.007160148039884406
2024-09-13,1,-0.0022379303450001387
2024-09-13,2,-0.0032818008329305037
2024-09-13,3,0.007232604715921798
2024-09-13,4,-0.00190034144934359
2024-09-13,5,0.015018395595988832
2024-09-16,1,0.00870063832433976
2024-09-16,2,-0.00785714426737516
2024-09-16,3,0.006325751884431408
2024-09-16,4,-0.0009122435818343932
2024-09-16,5,-0.006683192700987994
2024-09-17,1,-0.00022521355791693676
2024-09-17,2,-0.006221227473159063
2024-09-17,3,0.007275391466399439
2024-09-17,4,-0.024385157766327492
2024-09-17,5,-0.0038559063850933106
2024-09-18,1,-0.02417297152941239
2024-09-18,2,0.023201194368127953
2024-09-18,3,0.016387534599772213
2024-09-18,4,-0.010859172734976108
2024-09-18,5,-0.0039881479998744584
2024-09-19,1,0.006061924889947057
2024-09-19,2,0.012952905394471803
2024-09-19,3,0.0179369841750181
2024-09-19,4,-0.009576303090500449
2024-09-19,5,0.0005903557578769147
2024-09-20,1,0.015446018590714039
2024-09-20,2,0.006371089206156699
2024-09-20,3,0.018275292398576837
2024-09-20,4,0.0031714695928245495
2024-09-20,5,0.008008180061352066
2024-09-23,1,0.00218182507091802
2024-09-23,2,0.027247959087162044
2024-09-23,3,-0.020789046168472325
2024-09-23,4,0.0006808105595704217
2024-09-23,5,-0.004978347338548572
2024-09-24,1,0.00044753723607099394
2024-09-24,2,0.009136828199240166
2024-09-24,3,-0.007196535887936506
2024-09-24,4,-0.00279077606431688
2024-09-24,5,0.012433994640656643
2024-09-25,1,0.008048665716943071
2024-09-25,2,0.0005478921941314274
2024-09-25,3,-0.01696342075077556
2024-09-25,4,0.015387992935714634
2024-09-25,5,0.0036570831288227357
2024-09-26,1,-0.014920573520048663
2024-09-26,2,0.003526160662486122
2024-09-26,3,-0.011936858932106387
2024-09-26,4,-0.0205572416242793
2024-09-26,5,-0.010975287072979845
2024-09-27,1,-0.0001818023252819767
2024-09-27,2,0.0029321451890153005
2024-09-27,3,0.0031911196579741397
2024-09-27,4,0.006686249682633538
2024-09-27,5,-0.0051736499810284275
2024-09-30,1,0.0053548495675957986
2024-09-30,2,0.005422598631176445
2024-09-30,3,0.0013199218354659203
2024-09-30,4,-0.004863797929731739
2024-09-30,5,-0.005646901934299842
2024-10-01,1,0.017645441725528732
2024-10-01,2,0.016945358772851637
2024-10-01,3,-0.004145003421749116
2024-10-01,4,0.004413956807294506
2024-10-01,5,0.0021038635410537965
2024-10-02,1,0.004050559904001383
2024-10-02,2,-0.016630714312274697
2024-10-02,3,-0.009672203864314166
2024-10-02,4,0.0010882859079058282
2024-10-02,5,-0.006302382476987112
2024-10-03,1,0.0035384611961323253
2024-10-03,2,-0.0012950381106233144
2024-10-03,3,-0.0035993053718574863
2024-10-03,4,-0.0017914614498226733
2024-10-03,5,-0.01993150107784669
2024-10-04,1,-0.008939766066096533
2024-10-04,2,-0.006479110319950132
2024-10-04,3,-0.006629663743062231
2024-10-04,4,0.006401472420596299
2024-10-04,5,-0.010252471295139176
2024-10-07,1,0.021889194037772675
2024-10-07,2,-0.0033608992764965206
2024-10-07,3,-0.00521892068613955
2024-10-07,4,-0.012688950983318237
2024-10-07,5,-0.0034400893949173006
2024-10-08,1,-0.0051350623021364505
2024-10-08,2,0.012849684831282682
2024-10-08,3,0.0022188534638585278
2024-10-08,4,-0.011615012529191338
2024-10-08,5,-0.020851356023314893
2024-10-09,1,-0.00044699279241378065
2024-10-09,2,-0.011581542242932896
2024-10-09,3,0.0032991042339952648
2024-10-09,4,-0.017491594043590353
2024-10-09,5,0.0054249971752518
2024-10-10,1,0.008456164880303096
2024-10-10,2,0.007439900047654602
2024-10-10,3,-0.005955537115837906
2024-10-10,4,-0.01015954334874547
2024-10-10,5,-0.00941698307920913
2024-10-11,1,0.016509316939046892
2024-10-11,2,-0.011930577598212977
2024-10-11,3,0.0028209386571929618
2024-10-11,4,0.00022135548646851078
2024-10-11,5,0.010306799311317671
2024-10-14,1,0.0044008483880537685
2024-10-14,2,-0.00016648642770039634
2024-10-14,3,-0.016925167277134945
2024-10-14,4,0.004600555768406678
2024-10-14,5,0.004292957018784238
2024-10-15,1,-0.0025940358636764582
2024-10-15,2,0.0008600448598746757
2024-10-15,3,0.0033027792255564403
2024-10-15,4,0.013448847358263682
2024-10-15,5,0.0015259919294254298
2024-10-16,1,0.00862934785574171
2024-10-16,2,0.010151979749581652
2024-10-16,3,-0.0007529319890908215
2024-10-16,4,0.0035283469910982745
2024-10-16,5,-0.016236541294751272
2024-10-17,1,0.010849598477425004
2024-10-17,2,0.002778042521849433
2024-10-17,3,0.003376579108280431
2024-10-17,4,0.003058995651537111
2024-10-17,5,-0.019125282966584556
2024-10-18,1,-0.006715367649582027
2024-10-18,2,0.003586323579787054
2024-10-18,3,-0.0025738050672594603
2024-10-18,4,0.008248071399274637
2024-10-18,5,-0.011867118753214445
2024-10-21,1,-0.00039569608744755014
2024-10-21,2,0.0008216545796408403
2024-10-21,3,0.010861483834013252
2024-10-21,4,-0.003087418721426649
2024-10-21,5,0.0081775436554119
2024-10-22,1,0.011656992806049482
2024-10-22,2,-0.00798182811444259
2024-10-22,3,0.0026626560593722703
2024-10-22,4,-0.02510813330178202
2024-10-22,5,0.004711733630572812
2024-10-23,1,-0.009083146570319778
2024-10-23,2,0.010654030061780784
2024-10-23,3,-0.018189780791217414
2024-10-23,4,-0.009752497931569792
2024-10-23,5,0.004230109789262526
2024-10-24,1,-0.014161069638502222
2024-10-24,2,-0.0027922499282995727
2024-10-24,3,-0.020569951375446482
2024-10-24,4,-0.009307303191628868
2024-10-24,5,0.005212628472293923
2024-10-25,1,-0.011030225788229542
2024-10-25,2,-0.0039640681821001
2024-10-25,3,0.0094865164731755
2024-10-25,4,0.0057974851139731
2024-10-25,5,0.010656268637653898
2024-10-28,1,0.010344071005913169
2024-10-28,2,0.01389055098854619
2024-10-28,3,0.005828739314701514
2024-10-28,4,0.00290772846209697
2024-10-28,5,0.022711511370348214
2024-10-29,1,-0.010654141701353037
2024-10-29,2,0.010088615780907473
2024-10-29,3,0.014988304950443787
2024-10-29,4,0.003922341807336749
2024-10-29,5,-0.0029504422034934974
2024-10-30,1,0.0043784999600992025
2024-10-30,2,-0.011634918045664355
2024-10-30,3,-0.005837319829111398
2024-10-30,4,0.006636089950052715
2024-10-30,5,-0.01132352269392789
2024-10-31,1,-0.008911039602978343
2024-10-31,2,-0.024823602555092528
2024-10-31,3,-0.027385346525701293
2024-10-31,4,-0.012880616321959582
2024-10-31,5,0.004641028874083963
2024-11-01,1,-0.0044825586728288735
2024-11-01,2,0.012946205709161496
2024-11-01,3,0.0017294355468533973
2024-11-01,4,-0.009977819615640982
2024-11-01,5,-0.0006771433248743963
2024-11-04,1,0.026500992003133828
2024-11-04,2,0.010403154049966168
2024-11-04,3,0.006568597643290319
2024-11-04,4,0.02031286848948033
2024-11-04,5,0.017842253901530047
2024-11-05,1,0.011197561008054135
2024-11-05,2,-0.002136644317310199
2024-11-05,3,0.01265785967523897
2024-11-05,4,-0.024379748062467343
2024-11-05,5,-0.008901298989765827
2024-11-06,1,0.008841468413299525
2024-11-06,2,-0.0327616529679402
2024-11-06,3,0.0008462600199702908
2024-11-06,4,0.0012925044770047966
2024-11-06,5,-0.008513031546003691
2024-11-07,1,-0.005124899700131302
2024-11-07,2,0.013075114914654518
2024-11-07,3,-0.009005191021179249
2024-11-07,4,-0.010973044176158187
2024-11-07,5,0.0058773880406886025
2024-11-08,1,-0.003236009478124302
2024-11-08,2,0.0034619902439108063
2024-11-08,3,0.010528146677914574
2024-11-08,4,-0.0007761045653614795
2024-11-08,5,0.01572491123593467
2024-11-11,1,0.0034275287573810043
2024-11-11,2,0.01165383811091003
2024-11-11,3,-0.008528035076134421
2024-11-11,4,0.019347165633571084
2024-11-11,5,-0.00983393304944813
2024-11-12,1,0.02367712234723718
2024-11-12,2,-0.0024608283305931344
2024-11-12,3,0.009652753574750872
2024-11-12,4,0.0063443127729331805
2024-11-12,5,-0.0041142936907933025
2024-11-13,1,-0.0011093583318788625
2024-11-13,2,-0.010105383960344771
2024-11-13,3,0.0012929627860644999
2024-11-13,4,0.019144490265863956
2024-11-13,5,-0.006273686117068855
2024-11-14,1,0.006207456359869745
2024-11-14,2,0.005301454686587714
2024-11-14,3,0.02062035257821071
2024-11-14,4,0.0011390930439851288
2024-11-14,5,-0.003484892394930772
2024-11-15,1,-0.004866761994835489
2024-11-15,2,-0.004641621472418311
2024-11-15,3,0.006977170768384555
2024-11-15,4,0.035219285026840796
2024-11-15,5,-0.0004403595473359556
2024-11-18,1,-0.010504363912839487
2024-11-18,2,0.01188644427825769
2024-11-18,3,-0.024653696488423915
2024-11-18,4,0.0033016595326452736
2024-11-18,5,-0.006692080868364314
2024-11-19,1,0.006332093908180014
2024-11-19,2,0.0026332874911888515
2024-11-19,3,-0.005879463582985189
2024-11-19,4,0.006755389769713738
2024-11-19,5,-0.003933484001672094
2024-11-20,1,-0.004511238522944716
2024-11-20,2,-0.008573079292202745
2024-11-20,3,0.006111510678228238
2024-11-20,4,0.00048154683317813696
2024-11-20,5,0.006004052629226597
2024-11-21,1,-0.015578240872554439
2024-11-21,2,0.01000443648089322
2024-11-21,3,-0.010994227005629242
2024-11-21,4,0.0038333415398505988
2024-11-21,5,-0.006739061420142856
2024-11-22,1,-0.002376687232966801
2024-11-22,2,0.006557939225039167
2024-11-22,3,0.018012609444246208
2024-11-22,4,-0.004930392720545296
2024-11-22,5,-0.012866337802611094
2024-11-25,1,-0.01607928874688358
2024-11-25,2,-0.00502953048926108
2024-11-25,3,-0.0025452837058295152
2024-11-25,4,-0.013497633565509981
2024-11-25,5,0.000794191157051205
2024-11-26,1,0.0057105392785932185
2024-11-26,2,0.005498854388007346
2024-11-26,3,0.0257702523336667
2024-11-26,4,0.006300336974762011
2024-11-26,5,-0.016203661764609745
2024-11-27,1,0.006232845941375853
2024-11-27,2,-0.008556523005864403
2024-11-27,3,-0.00797027414465884
2024-11-27,4,0.0025641733154219137
2024-11-27,5,0.0016944362113928135
2024-11-28,1,-0.0030779433430738745
2024-11-28,2,-0.010780307158881564
2024-11-28,3,-8.803228428838628e-05
2024-11-28,4,0.0035309584753916434
2024-11-28,5,0.003515708714042054
2024-11-29,1,-0.008944853534883168
2024-11-29,2,-0.011720801734951714
2024-11-29,3,0.01735323966439961
2024-11-29,4,-0.011458868309180581
2024-11-29,5,-0.009147149715470981
2024-12-02,1,0.013251562450023013
2024-12-02,2,0.004982668152695213
2024-12-02,3,0.013533645037150155
2024-12-02,4,0.007152927808193821
2024-12-02,5,-0.0002722079714787551
2024-12-03,1,0.006474790362333116
2024-12-03,2,-0.0038313186277167954
2024-12-03,3,0.0017498733183940463
2024-12-03,4,0.0018486798697556206
2024-12-03,5,0.0102390368913996
2024-12-04,1,-0.001526093639698911
2024-12-04,2,0.007743936109164351
2024-12-04,3,-0.012459159995515834
2024-12-04,4,0.012507615605140576
2024-12-04,5,-0.008282525587967826
2024-12-05,1,0.0008568566380109943
2024-12-05,2,0.007721302231338711
2024-12-05,3,-0.019229845429235337
2024-12-05,4,0.0023873110933362307
2024-12-05,5,0.0006034909976744274
2024-12-06,1,0.0008062510977043802
2024-12-06,2,0.011743935665693761
2024-12-06,3,0.0211664452053969
2024-12-06,4,-0.020429478052323702
2024-12-06,5,0.001226536510174736
2024-12-09,1,-0.006925687255341595
2024-12-09,2,0.009757416752295023
2024-12-09,3,0.0047410963364189485
2024-12-09,4,0.023172511377787308
2024-12-09,5,-0.013058349680517611
2024-12-10,1,0.013715889167261963
2024-12-10,2,-0.00581467628038651
2024-12-10,3,0.014081690771640454
2024-12-10,4,0.008620783624490591
2024-12-10,5,-0.01792569201375427
2024-12-11,1,0.010224868118471675
2024-12-11,2,0.018058264763825105
2024-12-11,3,0.006773068379985148
2024-12-11,4,-0.022268188551156087
2024-12-11,5,-0.0009090031793181352
2024-12-12,1,0.008007647943179153
2024-12-12,2,0.013504039313118166
2024-12-12,3,-0.02147226806482322
2024-12-12,4,-0.003824290769502914
2024-12-12,5,0.004728454656317993
2024-12-13,1,0.011632988899874963
2024-12-13,2,0.007229766401026794
2024-12-13,3,0.004601559349477924
2024-12-13,4,-0.0041359768609842695
2024-12-13,5,0.006453861102226344
2024-12-16,1,-0.01646628599902994
2024-12-16,2,-0.0045706406474068095
2024-12-16,3,-0.004006241625343354
2024-12-16,4,0.0011809446470132934
2024-12-16,5,-0.022772041187430148
2024-12-17,1,0.014022728255582706
2024-12-17,2,-0.0003621567826234684
2024-12-17,3,0.013218934683641048
2024-12-17,4,-0.012317925944649921
2024-12-17,5,0.012207663678944769
2024-12-18,1,-0.0074934354928285485
2024-12-18,2,-0.0012691866610199942
2024-12-18,3,-0.0016234039857886406
2024-12-18,4,0.01646363324720257
2024-12-18,5,-0.0011774250684533638
2024-12-19,1,-0.002524170514002777
2024-12-19,2,-0.0029931101887830103
2024-12-19,3,-0.0009986143599400865
2024-12-19,4,0.02352043966485773
2024-12-19,5,0.0009170912579536394
2024-12-20,1,0.018905891741239855
2024-12-20,2,0.005488233542053078
2024-12-20,3,-0.002711428378466052
2024-12-20,4,0.01784321003694045
2024-12-20,5,-0.014857115744651428
2024-12-23,1,0.0030958356184921376
2024-12-23,2,-0.032263520261284095
2024-12-23,3,-0.004370456759138719
2024-12-23,4,0.007420611809023758
2024-12-23,5,-0.010743985260401545
2024-12-24,1,0.028336112097333777
2024-12-24,2,-0.005543064507974538
2024-12-24,3,0.006110772515064089
2024-12-24,4,0.014066007060213437
2024-12-24,5,0.005275250505739182
2024-12-25,1,0.015900389126412895
2024-12-25,2,0.008668156059172372
2024-12-25,3,-0.009554829544086985
2024-12-25,4,-0.01204856748587868
2024-12-25,5,0.015820188382936973
2024-12-26,1,-0.012376410155856998
2024-12-26,2,0.0008855752396215166
2024-12-26,3,0.0012631525085328166
2024-12-26,4,-0.012866557627381203
2024-12-26,5,0.004732568504293266
2024-12-27,1,-0.013145586848707036
2024-12-27,2,0.010798594209853407
2024-12-27,3,0.015119124014627339
2024-12-27,4,-0.023586958553351245
2024-12-27,5,-0.010231770595121703
2024-12-30,1,0.04132531720527588
2024-12-30,2,0.002040704475518851
2024-12-30,3,-0.011558642554234722
2024-12-30,4,-0.0037058964778555747
2024-12-30,5,0.019739001118691535
2024-12-31,1,0.008708507977863711
2024-12-31,2,-0.010853821010690656
2024-12-31,3,0.008028342769619723
2024-12-31,4,-0.01962667368960469
2024-12-31,5,0.007114780769401641
2025-11-05,1,-0.8891041648374246
2025-11-05,2,1.774075377559189
2025-11-05,3,4.82577344459173
2025-11-05,4,2.917832275814576
2025-11-05,5,2.524986510310699
2025-11-06,1,-0.026747385800770518
2025-11-06,2,-0.0013696601762049898
2025-11-06,3,-0.027404502618911142
2025-11-06,4,-0.02861710631494807
2025-11-06,5,-0.01748858085623617
2025-11-07,1,0.004475393414547391
2025-11-07,2,-0.0005632669483002228
2025-11-07,3,-0.01819205703168708
2025-11-07,4,-0.004818919820587686
2025-11-07,5,-0.007576617310381062
2025-11-10,1,0.01616509304981406
2025-11-10,2,0.018477517008171906
2025-11-10,3,0.026450370020349
2025-11-10,4,0.05793250066436362
2025-11-10,5,0.021997355879822655
2025-11-11,1,-0.007407876408762726
2025-11-11,2,-0.029590555136900343
2025-11-11,3,0.004057239057239093
2025-11-11,4,0.004170975525680687
2025-11-11,5,0.004500464452574071
2025-11-12,1,-0.006466848319709229
2025-11-12,2,0.003313315386208382
2025-11-12,3,-0.007417384348220757
2025-11-12,4,-0.020517719848960447
2025-11-12,5,-0.02230341920389728
2025-11-13,1,0.0014449680629218253
2025-11-13,2,-0.015357827601048535
2025-11-13,3,-0.018855800899671038
2025-11-13,4,-0.06644217371110084
2025-11-13,5,-0.027749992137352075
2025-11-14,1,0.017713796425131045
2025-11-14,2,-0.0007050451720801432
2025-11-14,3,0.005855768002396955
2025-11-14,4,-0.00775388591736359
2025-11-14,5,-0.0031467653952355623
2025-11-17,1,-0.012223935943294184
2025-11-17,2,-0.005272648869026564
2025-11-17,3,-0.018471908085106903
2025-11-17,4,0.011302089773710833
2025-11-17,5,0.011697234405785517
2025-11-18,1,-0.007175960532216918
2025-11-18,2,-7.477753682783028e-05
2025-11-18,3,-0.027538531744098205
2025-11-18,4,-0.0025963090309452097
2025-11-18,5,-0.031536648254719746
2025-11-19,1,-0.012330806940052508
2025-11-19,2,0.02845169827966476
2025-11-19,3,-0.00465995561978183
2025-11-19,4,0.03000562825383435
2025-11-19,5,0.0037288662773811154
2025-11-20,1,-0.001981975877490272
2025-11-20,2,-0.008601429848078657
2025-11-20,3,-0.026604237251961982
2025-11-20,4,-0.0249225380573892
2025-11-20,5,-0.01465728232665775
2025-11-21,1,0.00865653908172792
2025-11-21,2,-0.009743135518157642
2025-11-21,3,0.003245889455131934
2025-11-21,4,-0.010474913341598668
2025-11-21,5,0.0258113472281577
2025-11-24,1,0.03163651661758515
2025-11-24,2,0.003982038464797055
2025-11-24,3,0.018416953580753126
2025-11-24,4,0.06313822331976215
2025-11-24,5,0.04678740444140894
2025-11-25,1,0.0377946333904251
2025-11-25,2,0.006308016877637046
2025-11-25,3,-0.005327757233597852
2025-11-25,4,0.0038776389487289453
2025-11-25,5,0.00939344489027294
2025-11-26,1,-0.004102354531451358
2025-11-26,2,0.017119694802098184
2025-11-26,3,0.003525395062160541
2025-11-26,4,0.013721741086492045
2025-11-26,5,-6.324386875877774e-05
2025-11-28,1,0.02263221855715658
2025-11-28,2,0.008415771953678153
2025-11-28,3,0.007063859585423771
2025-11-28,4,0.017716879036481004
2025-11-28,5,-0.006700573800373144
2025-12-01,1,-0.010711164407227414
2025-12-01,2,-6.97398702839136e-05
2025-12-01,3,0.0027852030502108494
2025-12-01,4,-0.01652195639952536
2025-12-01,5,0.00903555753054075
2025-12-02,1,0.0097211602977203
2025-12-02,2,-0.0020923420281768745
2025-12-02,3,0.007628490310933933
2025-12-02,4,0.0029216551811743763
2025-12-02,5,0.0066118737085687496
2025-12-03,1,-0.011590171534538674
2025-12-03,2,0.040769732550554494
2025-12-03,3,-0.016871572739666607
2025-12-03,4,-0.007128131660784853
2025-12-03,5,0.0008952894952969914
2025-12-04,1,0.03428705440900548
2025-12-04,2,0.017437435644894084
2025-12-04,3,-0.0028157606261876578
2025-12-04,4,0.021103624923436648
2025-12-04,5,-0.01018015004261269
2025-12-05,1,0.017973485707375225
2025-12-05,2,0.0010340351571953565
2025-12-05,3,0.008158304720616738
2025-12-05,4,-0.005289562656778268
2025-12-05,5,-0.0025034310909907154
2025-12-08,1,-0.009830417867007224
2025-12-08,2,0.016267902972100234
2025-12-08,3,-0.008338070678841403
2025-12-08,4,-0.003192481526651747
2025-12-08,5,-0.01750112346773397
2025-12-09,1,-0.014757048590281818
2025-12-09,2,0.012716684107557219
2025-12-09,3,0.006373382174895026
2025-12-09,4,-0.0025549677930115644
2025-12-09,5,0.0007069013353491194
2025-12-10,1,-0.010396371164150042
2025-12-10,2,0.014106970370869387
2025-12-10,3,-0.016895043609309435
2025-12-10,4,0.005772422252687592
2025-12-10,5,0.013403546392066645
2025-12-11,1,0.003968437081814491
2025-12-11,2,-0.01010078635507805
2025-12-11,3,0.0037848265424246796
2025-12-11,4,-0.024296555385528218
2025-12-11,5,-0.010989663185791476
2025-12-12,1,-0.010217800484001227
2025-12-12,2,0.027008883617892554
2025-12-12,3,-0.011521119254712997
2025-12-12,4,0.0008991835413445504
2025-12-12,5,-0.02521277651593795
2025-12-15,1,0.0050913493628050865
2025-12-15,2,-0.007752909953398945
2025-12-15,3,0.016082241582467294
2025-12-15,4,0.0072563135641638965
2025-12-15,5,-0.015560891682628863
2025-12-16,1,0.014887800960602826
2025-12-16,2,0.03065367865182722
2025-12-16,3,0.0025653006873755935
2025-12-16,4,0.008111634239037935
2025-12-16,5,-0.0026317237870188692
2025-12-17,1,-0.011641177813284553
2025-12-17,2,-0.000566762526501341
2025-12-17,3,-0.028130802941875366
2025-12-17,4,-0.038149898717083075
2025-12-17,5,-0.018962941423468216
2025-12-18,1,0.01650844324960099
2025-12-18,2,0.023017705927636634
2025-12-18,3,0.026598805747459653
2025-12-18,4,0.0012875220718069347
2025-12-18,5,0.022078076687210624
2025-12-19,1,-0.004489314603719707
2025-12-19,2,-0.00854842350816476
2025-12-19,3,0.009773837479620906
2025-12-19,4,0.0026018698183101208
2025-12-19,5,0.02238677230244812
2025-12-22,1,0.015648379052369155
2025-12-22,2,0.004144086707045025
2025-12-22,3,0.0013462164714507785
2025-12-22,4,0.008529756478707906
2025-12-22,5,0.0025260271924592015
2025-12-23,1,-0.006486198923741138
2025-12-23,2,0.005200302343159491
2025-12-23,3,0.01701533336057337
2025-12-23,4,0.005129719157102253
2025-12-23,5,0.015496852118238591
2025-12-24,1,-0.00032951643463219327
2025-12-24,2,0.003925166180407169
2025-12-24,3,0.0007880503626805369
2025-12-24,4,-0.0031710797526557366
2025-12-24,5,0.00317884748877173
2025-12-26,1,-0.0210341985990935
2025-12-26,2,-0.006381544453598953
2025-12-26,3,0.00477225804753012
2025-12-26,4,-0.0014973887001936692
2025-12-26,5,-0.0006220714954629503
2025-12-29,1,-0.006935126415293369
2025-12-29,2,-0.0012507432695658682
2025-12-29,3,-0.015703500296258444
2025-12-29,4,-0.012124074948826946
2025-12-29,5,-0.0008879164230523595
2025-12-30,1,0.011021876755378024
2025-12-30,2,0.0007801272839251805
2025-12-30,3,-0.0069094426604084935
2025-12-30,4,-0.0036127935394750788
2025-12-30,5,0.0014535117100832329
2025-12-31,1,-0.008799459418875277
2025-12-31,2,-0.010364632616684633
2025-12-31,3,-0.006192914432674668
2025-12-31,4,-0.007353889820668313
2025-12-31,5,-0.004126891886769735
2026-01-02,1,-0.014664666939356863
2026-01-02,2,-0.022083453951449505
2026-01-02,3,-0.014515808422225163
2026-01-02,4,0.012600536193029477
2026-01-02,5,-0.005923436460592124
2026-01-05,1,-0.0001902989808432176
2026-01-05,2,0.012884180747528395
2026-01-05,3,0.013589882508625084
2026-01-05,4,-0.01383712778126267
2026-01-05,5,0.016686535267028346
2026-01-06,1,0.0027778199426220507
2026-01-06,2,0.011969969334884034
2026-01-06,3,-0.023050956861718763
2026-01-06,4,-0.018334206390780428
2026-01-06,5,0.0134089899492566
2026-01-07,1,0.010365509602725309
2026-01-07,2,-0.01805879325482118
2026-01-07,3,0.0011248611236823192
2026-01-07,4,-0.0035800073909828534
2026-01-07,5,0.01345988009005672
2026-01-08,1,-0.004054324870123027
2026-01-08,2,0.010175934725666913
2026-01-08,3,-0.008020884735055134
2026-01-08,4,0.01958105646630237
2026-01-08,5,-0.005387928255996377
2026-01-09,1,0.010834906974584335
2026-01-09,2,0.0012739345274861424
2026-01-09,3,0.006032441937831812
2026-01-09,4,0.021133547498852545
2026-01-09,5,0.0017264572007344436
2026-01-12,1,-0.016981594340489292
2026-01-12,2,-0.004381572358537755
2026-01-12,3,0.006134520758757311
2026-01-12,4,0.01001308701342185
2026-01-12,5,-0.0016228956451604382
2026-01-13,1,-0.01694783245322984
2026-01-13,2,-0.013642650572111115
2026-01-13,3,-0.0004231018614563875
2026-01-13,4,0.012384740553245344
2026-01-13,5,-0.005498739860117785
2026-01-14,1,-0.024671599930279453
2026-01-14,2,-0.0041754453169892125
2026-01-14,3,-0.020938084950494817
2026-01-14,4,-0.0003869393100576213
2026-01-14,5,-0.019447742960757464
2026-01-15,1,0.008578112815180505
2026-01-15,2,-0.006731804893060467
2026-01-15,3,-0.003677725109181351
2026-01-15,4,-0.009111481657932408
2026-01-15,5,0.01390751553971492
2026-01-16,1,-0.010379148754889322
2026-01-16,2,-0.0008859536082473918
2026-01-16,3,0.002283827103582714
2026-01-16,4,-0.00835386741991695
2026-01-16,5,-0.00021862978608006012
2026-01-20,1,-0.011612229809072394
2026-01-20,2,-0.03455562947599111
2026-01-20,3,-0.025124033564178694
2026-01-20,4,-0.041714285714285704
2026-01-20,5,-0.038887315564181735
2026-01-21,1,0.014632854399788231
2026-01-21,2,-0.02290328258382468
2026-01-21,3,0.01183224778253067
2026-01-21,4,0.029075730471079364
2026-01-21,5,0.015412389504881219
2026-01-22,1,0.05656160271469579
2026-01-22,2,0.04153532356758771
2026-01-22,3,0.004702157525394268
2026-01-22,4,0.015829411632253265
2026-01-22,5,0.01069540803717417
2026-01-23,1,0.01718573877059426
2026-01-23,2,0.0328279469787649
2026-01-23,3,-0.004281893034503326
2026-01-23,4,-0.0012482383732635993
2026-01-23,5,0.017939471863100742
2026-01-26,1,0.020644847896047258
2026-01-26,2,-0.030864472453569713
2026-01-26,3,0.012773155653879043
2026-01-26,4,0.029712949524270282
2026-01-26,5,-0.0047441827465737885
2026-01-27,1,-0.00988051470588236
2026-01-27,2,0.000907252067344988
2026-01-27,3,0.012886348648144308
2026-01-27,4,0.011197682158098576
2026-01-27,5,0.018624956046893626
2026-01-28,1,-0.0063004294396481475
2026-01-28,2,0.0012996054769087717
2026-01-28,3,-0.0013607684721124724
2026-01-28,4,0.002184859960880692
2026-01-28,5,0.004544094902218132
2026-01-29,1,-0.03453390812589807
2026-01-29,2,0.1040479715281204
2026-01-29,3,-0.04663250720677414
2026-01-29,4,0.007175167680548933
2026-01-29,5,-4.9050009699846964e-05
2026-01-30,1,-0.007404844290657353
2026-01-30,2,0.03324851161897446
2026-01-30,3,-0.015139767621952516
2026-01-30,4,0.004646120489391503
2026-01-30,5,-0.008610498368466057
2026-02-02,1,-0.014082344731332963
2026-02-02,2,-0.0199809483980391
2026-02-02,3,0.0003760711951386053
2026-02-02,4,0.040581162324649256
2026-02-02,5,-0.006793128574467289
2026-02-03,1,-0.02082360102490044
2026-02-03,2,0.0003556103458903781
2026-02-03,3,-0.020151062406654652
2026-02-03,4,-0.0019628902633235246
2026-02-03,5,-0.023127944741716755
2026-02-04,1,0.007246905474088683
2026-02-04,2,-0.03283215266734141
2026-02-04,3,-0.028717092745701667
2026-02-04,4,0.026013062193854797
2026-02-04,5,-0.02884812506484019
2026-02-05,1,0.0018236445985739813
2026-02-05,2,-0.02167434299647797
2026-02-05,3,-0.027458605133153624
2026-02-05,4,-0.013261381250358806
2026-02-05,5,-0.023152815486028155
2026-02-06,1,-0.013055609435848492
2026-02-06,2,0.018975283867198378
2026-02-06,3,0.02150197101058382
2026-02-06,4,0.07871771003025363
2026-02-06,5,-0.04043818659834253
2026-02-09,1,0.023826081698061774
2026-02-09,2,0.015105446230935682
2026-02-09,3,0.028016579585998902
2026-02-09,4,-0.01258449590104993
2026-02-09,5,-0.0015426857154180462
2026-02-10,1,-0.009598062667966145
2026-02-10,2,-0.0007978723404256094
2026-02-10,3,0.0006038927606800693
2026-02-10,4,-0.0034229116597480624
2026-02-10,5,-0.008162712350646695
2026-02-11,1,-0.003026598282442672
2026-02-11,2,0.0071964441099692245
2026-02-11,3,-0.02272709841406223
2026-02-11,4,-0.013915732508697265
2026-02-11,5,0.007329506442635747
2026-02-12,1,-0.028234308872571945
2026-02-12,2,-0.006256646140910593
2026-02-12,3,-0.016227394100731818
2026-02-12,4,-0.04998185117967324
2026-02-12,5,-0.019158145162030626
2026-02-13,1,-0.015450670195903404
2026-02-13,2,-0.010614886731391548
2026-02-13,3,-0.00020345306738495106
2026-02-13,4,-0.004058116232464992
2026-02-13,5,-0.022413000605778277
2026-02-17,1,-0.0007502696281476151
2026-02-17,2,-0.01210257752191568
2026-02-17,3,-0.0137135238782925
2026-02-17,4,0.011871824538457698
2026-02-17,5,0.021741692872558116
2026-02-18,1,0.006147444821599013
2026-02-18,2,0.004337461095291761
2026-02-18,3,0.0042922713949610225
2026-02-18,4,0.016272909120397916
2026-02-18,5,0.00993853046212112
2026-02-19,1,0.002425297720841879
2026-02-19,2,-0.0015824349718127628
2026-02-19,3,-0.0009523429877413281
2026-02-19,4,0.0003418135651156451
2026-02-19,5,-0.007343486532870647
2026-02-20,1,0.016873972517758018
2026-02-20,2,0.04005283143470373
2026-02-20,3,-0.0014098530758249184
2026-02-20,4,0.015350372246526911
2026-02-20,5,0.017922729405099425
2026-02-23,1,-0.02807857731141139
2026-02-23,2,-0.011080068575782587
2026-02-23,3,-0.030618554848745427
2026-02-23,4,0.0060473202812005855
2026-02-23,5,-0.006960827714605655
2026-02-24,1,0.0032169478226755643
2026-02-24,2,-0.0018941218016630401
2026-02-24,3,0.017833802478389726
2026-02-24,4,0.006786739754633064
2026-02-24,5,0.01920926709903925
2026-02-25,1,0.02250899421241992
2026-02-25,2,0.019590600420147597
2026-02-25,3,0.010242654472829904
2026-02-25,4,0.029820051413881776
2026-02-25,5,0.00882650993423284
2026-02-26,1,0.0050788600100963865
2026-02-26,2,-0.02113080977479631
2026-02-26,3,-0.01115451687980945
2026-02-26,4,0.0027958062905641956
2026-02-26,5,-0.03373714346840151
2026-02-27,1,-0.013439673673155683
2026-02-27,2,-0.014856331685349278
2026-02-27,3,-0.0040522075590284645
2026-02-27,4,-0.04164638433663248
2026-02-27,5,-0.011063289592196546
2026-03-02,1,0.008300163534820548
2026-03-02,2,0.002044060867590458
2026-03-02,3,0.01593366515907868
2026-03-02,4,0.01479350206243324
2026-03-02,5,-0.012237233769566369
2026-03-03,1,0.0023257237285025933
2026-03-03,2,-0.027000892591490633
2026-03-03,3,-0.011454035810237906
2026-03-03,4,-0.0036642490178302456
2026-03-03,5,0.007565244925566872
2026-03-04,1,0.019310618550405945
2026-03-04,2,0.03442652192747753
2026-03-04,3,0.000830899020066056
2026-03-04,4,0.01660649819494564
2026-03-04,5,0.017047348634928905
2026-03-05,1,-0.010722896979317942
2026-03-05,2,-0.0074225579784250595
2026-03-05,3,-0.004727662000790556
2026-03-05,4,0.013524185587364235
2026-03-05,5,0.005708340899253872
2026-03-06,1,-0.023782490879089346
2026-03-06,2,-0.007843658601435877
2026-03-06,3,-0.012968209417599574
2026-03-06,4,-0.010872488378347422
2026-03-06,5,-0.028139774961620068
2026-03-09,1,0.003923332196135609
2026-03-09,2,0.02626289695832784
2026-03-09,3,0.014131325533337402
2026-03-09,4,0.00491518160965887
2026-03-09,5,0.005356388799888534
2026-03-10,1,0.010318355241817345
2026-03-10,2,0.001392093909902803
2026-03-10,3,-0.003347828698837596
2026-03-10,4,0.011606898439638691
2026-03-10,5,0.00379507192173556
2026-03-11,1,0.001207821792774455
2026-03-11,2,0.021503625684120786
2026-03-11,3,0.002325259564751714
2026-03-11,4,-0.007838380068119322
2026-03-11,5,0.0026648917012966344
2026-03-12,1,-0.02547109305805828
2026-03-12,2,-0.007459000197589383
2026-03-12,3,-0.02538683553822718
2026-03-12,4,-0.016682863621639066
2026-03-12,5,-0.01510356249031286
2026-03-13,1,-0.03834341408380071
2026-03-13,2,-0.009645325434799124
2026-03-13,3,-0.015741131574804834
2026-03-13,4,-0.004183824740569997
2026-03-13,5,-0.015464467065206267
2026-03-16,1,0.02238842450017109
2026-03-16,2,0.011145194274028603
2026-03-16,3,0.013800433427988978
2026-03-16,4,0.019598401309770308
2026-03-16,5,0.010822842616594719
2026-03-17,1,-0.0076340744282413775
2026-03-17,2,0.009379108099908828
2026-03-17,3,-0.004195442425063478
2026-03-17,4,0.016340795315008982
2026-03-17,5,0.01155932672593607
2026-03-18,1,-0.01120997012815983
2026-03-18,2,-0.016254664763192817
2026-03-18,3,-0.013743984106343032
2026-03-18,4,-0.024767657992564973
2026-03-18,5,-0.013631504057231014
2026-03-19,1,-0.014585498960498766
2026-03-19,2,-0.03177351188960731
2026-03-19,3,-0.008634835316376432
2026-03-19,4,-0.0018200136501024256
2026-03-19,5,-0.0046049647236249824
2026-03-20,1,-0.02149332454260766
2026-03-20,2,-0.018379517762582842
2026-03-20,3,-0.03263308383685026
2026-03-20,4,-0.019958975026861614
2026-03-20,5,-0.010067475640222978
2026-03-23,1,0.017518444901121866
2026-03-23,2,0.0029591222143661167
2026-03-23,3,0.01927628815641169
2026-03-23,4,0.017023740590619507
2026-03-23,5,0.018669922115769122
2026-03-24,1,-0.01844187663477137
2026-03-24,2,-0.026788511749347266
2026-03-24,3,-0.01637256998682135
2026-03-24,4,-0.0025051241175131356
2026-03-24,5,-0.006601939203553564
