date,quantile,mean_return
2024-04-04,1,-0.06378715757024567
2024-04-04,2,0.012371819751131885
2024-04-04,3,0.04447905234888211
2024-04-04,4,-0.0020512910429600906
2024-04-04,5,0.04985815259002896
2024-04-05,1,-0.001634567180540003
2024-04-05,2,4.019909738672833e-05
2024-04-05,3,-0.015717417585635884
2024-04-05,4,0.0171784299994861
2024-04-05,5,0.02123147204597986
2024-04-08,1,0.009082677734501943
2024-04-08,2,0.031850509840432695
2024-04-08,3,-0.029607503815043124
2024-04-08,4,0.009345725238340985
2024-04-08,5,-0.03376017194240183
2024-04-09,1,-0.0035744696933363573
2024-04-09,2,0.0022790799820066043
2024-04-09,3,-0.0026764971654774095
2024-04-09,4,0.012092401613303327
2024-04-09,5,-0.00548191130268727
2024-04-10,1,-0.0016600017945102574
2024-04-10,2,-0.005100861551912583
2024-04-10,3,0.011671475395435726
2024-04-10,4,0.009329238511479043
2024-04-10,5,0.009024699075645959
2024-04-11,1,0.002068797207286477
2024-04-11,2,-0.007583505060153872
2024-04-11,3,0.017889869057103325
2024-04-11,4,0.018515396832425646
2024-04-11,5,-0.016625571292758046
2024-04-12,1,0.00556026013562011
2024-04-12,2,-0.016912495491013146
2024-04-12,3,0.03611157629610873
2024-04-12,4,-0.01956928099677263
2024-04-12,5,-0.008622475896483406
2024-04-15,1,0.012364666288661508
2024-04-15,2,-0.0015751295932003306
2024-04-15,3,0.013697866034770745
2024-04-15,4,-0.011087615304041065
2024-04-15,5,0.0004670781842580074
2024-04-16,1,0.018359638815083956
2024-04-16,2,0.011753855288408166
2024-04-16,3,-0.027514720716608376
2024-04-16,4,-0.01748079268975794
2024-04-16,5,-0.02184477814563146
2024-04-17,1,0.02974374683582437
2024-04-17,2,-0.009034228070371964
2024-04-17,3,-0.022878437607986857
2024-04-17,4,-0.004262153428015225
2024-04-17,5,-0.028177338654395923
2024-04-18,1,0.031137607194917705
2024-04-18,2,-0.007549660451005247
2024-04-18,3,-0.012367511165495226
2024-04-18,4,-0.03416381863602774
2024-04-18,5,0.013556541718040271
2024-04-19,1,0.03308894297539999
2024-04-19,2,-0.006192634847837386
2024-04-19,3,-0.02004155194383217
2024-04-19,4,0.0005096461555631482
2024-04-19,5,0.006550650488474252
2024-04-22,1,0.014708818925515454
2024-04-22,2,0.019797856845525597
2024-04-22,3,0.007090402166207266
2024-04-22,4,-0.014585101507616993
2024-04-22,5,0.005786491863468912
2024-04-23,1,0.03844406628272656
2024-04-23,2,0.031609774530410584
2024-04-23,3,0.009923251590813031
2024-04-23,4,0.028739073074738164
2024-04-23,5,-0.01359937372965353
2024-04-24,1,0.03525251292898163
2024-04-24,2,0.011964721254440758
2024-04-24,3,0.018252268646702485
2024-04-24,4,-0.0026162428174747454
2024-04-24,5,0.006863939458514712
2024-04-25,1,0.03399466441597537
2024-04-25,2,0.017776920075744274
2024-04-25,3,0.020301197630043066
2024-04-25,4,0.00484345671829034
2024-04-25,5,0.005127806935787682
2024-04-26,1,0.04064465625717245
2024-04-26,2,0.0026182585977894135
2024-04-26,3,-0.0009213512728681872
2024-04-26,4,-0.0019667272031572702
2024-04-26,5,-0.0028653704871873242
2024-04-29,1,0.04371966701076602
2024-04-29,2,0.01091082741075472
2024-04-29,3,-0.008144265055004152
2024-04-29,4,0.001375547066155669
2024-04-29,5,-0.016920243741386787
2024-04-30,1,0.032854126253620164
2024-04-30,2,-0.015300314634508039
2024-04-30,3,0.033809243526151944
2024-04-30,4,-0.031086729203056773
2024-04-30,5,-0.019952787082350376
2024-05-01,1,0.022522495125278152
2024-05-01,2,-0.010376386521204928
2024-05-01,3,0.005761688965951806
2024-05-01,4,-0.004454299792533256
2024-05-01,5,-0.024071631389066872
2024-05-02,1,0.04199306176605622
2024-05-02,2,-0.020918042923356084
2024-05-02,3,-0.0199344051131235
2024-05-02,4,0.01319133264375738
2024-05-02,5,-0.004671541374546118
2024-05-03,1,0.048773531034286166
2024-05-03,2,-0.030508249271430588
2024-05-03,3,0.005055333891617719
2024-05-03,4,-0.0056745117378296794
2024-05-03,5,0.005019861141905224
2024-05-06,1,0.035496317391981225
2024-05-06,2,-0.02783962321392075
2024-05-06,3,-0.03200073765695127
2024-05-06,4,0.022674526671759676
2024-05-06,5,0.017040928463706584
2024-05-07,1,0.0430209966344649
2024-05-07,2,-0.038074363733585526
2024-05-07,3,0.020080104446922986
2024-05-07,4,-0.01440585585488785
2024-05-07,5,-0.005779662594965318
2024-05-08,1,0.04825616948437084
2024-05-08,2,-0.0388212377899978
2024-05-08,3,-0.0029596311026697797
2024-05-08,4,0.008438105572133148
2024-05-08,5,-0.004776917468636233
2024-05-09,1,0.02314408360988257
2024-05-09,2,-0.02950114757572725
2024-05-09,3,-0.016022151338728308
2024-05-09,4,-0.009974752751214344
2024-05-09,5,0.009461499656037209
2024-05-10,1,-0.005229959908799375
2024-05-10,2,-0.02540525233898
2024-05-10,3,-0.013999022961190044
2024-05-10,4,0.02313248874614765
2024-05-10,5,0.022749773942130957
2024-05-13,1,0.003349152788753529
2024-05-13,2,-0.03291323081992542
2024-05-13,3,0.016634941543891335
2024-05-13,4,0.01633913817943622
2024-05-13,5,0.01674778376121383
2024-05-14,1,-0.029017064775251566
2024-05-14,2,0.01081935594779182
2024-05-14,3,-0.01668267857482958
2024-05-14,4,-0.012924003294837005
2024-05-14,5,0.041609563896056856
2024-05-15,1,-0.03465231833027732
2024-05-15,2,0.004466118618028536
2024-05-15,3,-0.01272582313374837
2024-05-15,4,0.03012335913949693
2024-05-15,5,0.046170548513299325
2024-05-16,1,-0.03555207914756103
2024-05-16,2,0.0005314609193347586
2024-05-16,3,0.033209423820473205
2024-05-16,4,0.027252313573987774
2024-05-16,5,-0.015937198398554675
2024-05-17,1,-0.028144073976471673
2024-05-17,2,0.007438229943039554
2024-05-17,3,0.028338470406342242
2024-05-17,4,0.038268488636077014
2024-05-17,5,-0.040192028872872154
2024-05-20,1,-0.03375693323891743
2024-05-20,2,0.004783149387010521
2024-05-20,3,0.030987668902224652
2024-05-20,4,0.008956743443496118
2024-05-20,5,-0.021333612902763976
2024-05-21,1,-0.015069293256173233
2024-05-21,2,0.02941398397431305
2024-05-21,3,0.0052831188936331985
2024-05-21,4,0.0013593405737278852
2024-05-21,5,-0.019069968648059044
2024-05-22,1,-0.006956561142976492
2024-05-22,2,0.025234789396431423
2024-05-22,3,-0.01053889721254675
2024-05-22,4,-0.01730614635447464
2024-05-22,5,-0.012152047540853972
2024-05-23,1,-0.001716644368534359
2024-05-23,2,0.02733558946726805
2024-05-23,3,-0.011861664428672147
2024-05-23,4,0.02544645434475501
2024-05-23,5,0.004714997229428752
2024-05-24,1,-0.013264733011967567
2024-05-24,2,-0.014104076051389969
2024-05-24,3,0.010232651507611101
2024-05-24,4,-0.015513489507984313
2024-05-24,5,0.06942886451932462
2024-05-27,1,0.025237592675511566
2024-05-27,2,0.013758687595202712
2024-05-27,3,0.019949241535081652
2024-05-27,4,-0.023051378503004483
2024-05-27,5,0.016400044229095412
2024-05-28,1,0.011680027113101843
2024-05-28,2,0.019088153060703605
2024-05-28,3,-0.0012064902437458058
2024-05-28,4,0.012783815711383206
2024-05-28,5,0.005665549855919938
2024-05-29,1,0.01635931468608004
2024-05-29,2,0.030157219449894246
2024-05-29,3,-0.001433749228766823
2024-05-29,4,0.005603441903108575
2024-05-29,5,0.004250648219586262
2024-05-30,1,0.003042501207793924
2024-05-30,2,0.01416124849897965
2024-05-30,3,-0.029890501384565282
2024-05-30,4,-0.003782273605225317
2024-05-30,5,0.03686355212846393
2024-05-31,1,0.02430216294353882
2024-05-31,2,-0.01040776307410507
2024-05-31,3,-0.03284279368526366
2024-05-31,4,0.011155569374231011
2024-05-31,5,0.026319553407319063
2024-06-03,1,0.007690008578137897
2024-06-03,2,0.026390353780475218
2024-06-03,3,-0.008549062024111764
2024-06-03,4,-0.009088823137700375
2024-06-03,5,-0.00480210812113957
2024-06-04,1,0.03175576441002487
2024-06-04,2,0.05149727718174468
2024-06-04,3,-0.013961880852527475
2024-06-04,4,0.009203448347568643
2024-06-04,5,0.011649212171793044
2024-06-05,1,0.0195894371873665
2024-06-05,2,0.06017469679219206
2024-06-05,3,-0.01869110081288844
2024-06-05,4,0.027799009680050335
2024-06-05,5,-0.011597658662237886
2024-06-06,1,0.023190860434714966
2024-06-06,2,0.053644660142174616
2024-06-06,3,-0.005213396045357421
2024-06-06,4,0.02757958076002809
2024-06-06,5,-0.02548803123190213
2024-06-07,1,0.006229989007183412
2024-06-07,2,0.030217497795418602
2024-06-07,3,0.04164066756191226
2024-06-07,4,0.028877188575332557
2024-06-07,5,-0.028840421836980823
2024-06-10,1,0.007148852397748984
2024-06-10,2,0.0020518750777142603
2024-06-10,3,-0.02588441088549337
2024-06-10,4,0.01926262643301735
2024-06-10,5,0.046644676905772064
2024-06-11,1,-0.008546517944849064
2024-06-11,2,0.05068814327254961
2024-06-11,3,0.02398423640090286
2024-06-11,4,0.003903465549924101
2024-06-11,5,-0.024203094222415844
2024-06-12,1,0.012525784924707628
2024-06-12,2,0.0508302082513194
2024-06-12,3,0.003194422241833139
2024-06-12,4,0.018035248252814273
2024-06-12,5,-0.021190669139377838
2024-06-13,1,0.012549032200723731
2024-06-13,2,0.07183382298737712
2024-06-13,3,0.01564585054973261
2024-06-13,4,-0.018028436558401306
2024-06-13,5,0.0004598253316815959
2024-06-14,1,0.0007012733829354634
2024-06-14,2,0.0027383736905850498
2024-06-14,3,0.02105181416068236
2024-06-14,4,0.021933592641652455
2024-06-14,5,0.01755759859400924
2024-06-17,1,0.03013820529041067
2024-06-17,2,-0.007051764695539531
2024-06-17,3,0.02292835008040317
2024-06-17,4,0.015606600885091693
2024-06-17,5,0.008466126514929784
2024-06-18,1,0.02420126989599547
2024-06-18,2,-0.05080740025107788
2024-06-18,3,0.012253134355441453
2024-06-18,4,0.012748716444913433
2024-06-18,5,-0.002572378680738896
2024-06-19,1,-0.0015278725196496423
2024-06-19,2,-0.0662998596203323
2024-06-19,3,-0.009741750485192269
2024-06-19,4,0.04497719741366851
2024-06-19,5,-0.011627985309152933
2024-06-20,1,-0.01501075507259575
2024-06-20,2,-0.04665294264557335
2024-06-20,3,-0.04555014079920289
2024-06-20,4,-0.006241349556635689
2024-06-20,5,0.022072859054225125
2024-06-21,1,-0.020259924055351763
2024-06-21,2,-0.06585849649231096
2024-06-21,3,-0.015622502372797553
2024-06-21,4,-0.06454314125036975
2024-06-21,5,0.024122529660564107
2024-06-24,1,-0.032726768953460605
2024-06-24,2,-0.026417202806135798
2024-06-24,3,-0.040623039441489484
2024-06-24,4,-0.05764334806932231
2024-06-24,5,0.054451486582052455
2024-06-25,1,-0.03286358518194138
2024-06-25,2,0.0074556415357610595
2024-06-25,3,-0.07069278588999955
2024-06-25,4,-0.047602952978857305
2024-06-25,5,0.05540573848077579
2024-06-26,1,-0.020688420190742074
2024-06-26,2,0.023722188522905474
2024-06-26,3,-0.049724741844575315
2024-06-26,4,-0.028720390836422305
2024-06-26,5,0.06896963824156938
2024-06-27,1,-0.02399306888608027
2024-06-27,2,0.03750555239093112
2024-06-27,3,0.015498135515350064
2024-06-27,4,-0.03778118758373672
2024-06-27,5,0.05193034268867569
2024-06-28,1,0.0483123028726013
2024-06-28,2,-0.020706006347617656
2024-06-28,3,0.026482138905022323
2024-06-28,4,-0.01155941190719706
2024-06-28,5,0.06704458777609457
2024-07-01,1,0.054035156628875314
2024-07-01,2,0.045021412837175145
2024-07-01,3,0.007309986521624567
2024-07-01,4,0.030200517485049816
2024-07-01,5,-0.0056766132739606845
2024-07-02,1,0.0398881046292624
2024-07-02,2,0.061847640013483085
2024-07-02,3,-0.00837142575073846
2024-07-02,4,0.0468910221628564
2024-07-02,5,-0.00392374610193208
2024-07-03,1,0.006733810526529882
2024-07-03,2,0.008454101673241343
2024-07-03,3,0.03741767874077623
2024-07-03,4,0.02772501534298727
2024-07-03,5,-0.010186449409931575
2024-07-04,1,0.012802963225595598
2024-07-04,2,0.0462247949785497
2024-07-04,3,0.011172672995402033
2024-07-04,4,-0.03331548171085458
2024-07-04,5,-0.02328624566748011
2024-07-05,1,0.022497320293327572
2024-07-05,2,0.02274331190825951
2024-07-05,3,0.004581261631769029
2024-07-05,4,-0.04282506011765125
2024-07-05,5,-0.022449003903217357
2024-07-08,1,0.00858768279566774
2024-07-08,2,0.0008144891908355434
2024-07-08,3,-0.032681971492949435
2024-07-08,4,-0.02142821260312644
2024-07-08,5,-0.03268832376594566
2024-07-09,1,-0.0027354806679439903
2024-07-09,2,-0.006647965437937831
2024-07-09,3,-0.04943577819009887
2024-07-09,4,-0.04288932205007734
2024-07-09,5,-0.02837892528529623
2024-07-10,1,0.006320299520513606
2024-07-10,2,-0.002524074259139253
2024-07-10,3,-0.06522279546130694
2024-07-10,4,-0.04303274233266141
2024-07-10,5,-0.026686576123892747
2024-07-11,1,0.00263225824122304
2024-07-11,2,-0.05630877467192663
2024-07-11,3,-0.03896097597375697
2024-07-11,4,-0.018152892262605524
2024-07-11,5,-0.003345558982410346
2024-07-12,1,-0.011028397626189124
2024-07-12,2,-0.040745084107018326
2024-07-12,3,-0.04958209296242366
2024-07-12,4,-0.0031507302876990773
2024-07-12,5,0.0008020812510183828
2024-07-15,1,0.023927579557198042
2024-07-15,2,-0.06157090793709391
2024-07-15,3,-0.011502853409331992
2024-07-15,4,-0.008039603731367695
2024-07-15,5,-0.0007613906001313064
2024-07-16,1,0.024293233521425706
2024-07-16,2,0.0044535094285426124
2024-07-16,3,-0.02112784129263251
2024-07-16,4,-0.028837009052202822
2024-07-16,5,0.029004837286882357
2024-07-17,1,0.03409783118687143
2024-07-17,2,0.014944784213133444
2024-07-17,3,-0.0005197217511385133
2024-07-17,4,-0.02343359699722075
2024-07-17,5,0.028441070562782167
2024-07-18,1,0.03399737183217039
2024-07-18,2,0.00756723075660698
2024-07-18,3,0.005260092525203208
2024-07-18,4,-0.003691138659775217
2024-07-18,5,0.01257368348763005
2024-07-19,1,0.031080268674416878
2024-07-19,2,0.013161406785994756
2024-07-19,3,0.03961954499535203
2024-07-19,4,-0.049114409049139884
2024-07-19,5,-0.014947544787371536
2024-07-22,1,0.022949622501281686
2024-07-22,2,0.021369257192204782
2024-07-22,3,-0.030592620736176857
2024-07-22,4,-0.0189657859079978
2024-07-22,5,-0.0071774094652194975
2024-07-23,1,0.006863163465747002
2024-07-23,2,-0.02053488636468187
2024-07-23,3,0.031420568830189566
2024-07-23,4,-0.03962670120101314
2024-07-23,5,-0.007370627464582502
2024-07-24,1,0.0026046890979677384
2024-07-24,2,-0.016183642869399772
2024-07-24,3,0.0007963449252262889
2024-07-24,4,-0.010790141921019014
2024-07-24,5,-0.031508888613867414
2024-07-25,1,0.01098527255895948
2024-07-25,2,-0.01657339729430929
2024-07-25,3,-0.008994987716335556
2024-07-25,4,-0.003595423112704832
2024-07-25,5,-0.019969980908678353
2024-07-26,1,0.02280437081282405
2024-07-26,2,-0.019604685315121162
2024-07-26,3,0.016308151729991283
2024-07-26,4,-0.0008947530648276136
2024-07-26,5,-0.023403155010598697
2024-07-29,1,0.0038505761161384267
2024-07-29,2,-0.003648148823137465
2024-07-29,3,0.013143181558937067
2024-07-29,4,0.022882675019636256
2024-07-29,5,-0.0074032125849934904
2024-07-30,1,0.028145495790779573
2024-07-30,2,-0.009275452072008639
2024-07-30,3,8.440472090937012e-05
2024-07-30,4,0.011380524805717163
2024-07-30,5,-0.010348296858956774
2024-07-31,1,0.01916755930335451
2024-07-31,2,-0.011449580629187994
2024-07-31,3,0.0023596790186159455
2024-07-31,4,-0.011881328714294925
2024-07-31,5,-0.000448505177989611
2024-08-01,1,0.0005859647549541491
2024-08-01,2,-0.025308977431115043
2024-08-01,3,-8.292393631159634e-05
2024-08-01,4,-0.006235740646283294
2024-08-01,5,0.006474937626762545
2024-08-02,1,-0.007231614538724007
2024-08-02,2,-0.020953565490280213
2024-08-02,3,0.024381293464546316
2024-08-02,4,0.004322441274987876
2024-08-02,5,0.023072393616261788
2024-08-05,1,0.0064626248238271455
2024-08-05,2,-0.006354980210957983
2024-08-05,3,-0.01792129962037814
2024-08-05,4,0.01974533332134737
2024-08-05,5,0.01063957412040517
2024-08-06,1,-0.005771318783183765
2024-08-06,2,0.02226287582057518
2024-08-06,3,0.023101526386327897
2024-08-06,4,-0.0008602191836402096
2024-08-06,5,0.022527788328219278
2024-08-07,1,-0.003887907038025662
2024-08-07,2,0.0038588073158287717
2024-08-07,3,0.005400872560771541
2024-08-07,4,0.04012958635180047
2024-08-07,5,0.025200137216014107
2024-08-08,1,-0.0050857535172808
2024-08-08,2,-0.004282951776031718
2024-08-08,3,0.011997215893143343
2024-08-08,4,0.04932850227114843
2024-08-08,5,0.02038257385503467
2024-08-09,1,0.0031641663604838333
2024-08-09,2,-0.002141012486484073
2024-08-09,3,-0.02774737974436431
2024-08-09,4,0.014083948473932295
2024-08-09,5,0.011882316208733201
2024-08-12,1,-0.009742454037063697
2024-08-12,2,-0.02992518633428798
2024-08-12,3,0.03266148435653432
2024-08-12,4,0.012676084495162165
2024-08-12,5,-0.004015111357384471
2024-08-13,1,-0.0067531469729376625
2024-08-13,2,-0.05169243410499291
2024-08-13,3,-0.0030447106255852563
2024-08-13,4,0.024336287076902607
2024-08-13,5,0.023571480099552455
2024-08-14,1,0.008456907093868482
2024-08-14,2,-0.04500227825799519
2024-08-14,3,0.010303296316776955
2024-08-14,4,0.015701389005144173
2024-08-14,5,-0.011210465834946726
2024-08-15,1,-0.009405233646118616
2024-08-15,2,0.02079563238619425
2024-08-15,3,0.01834984084011765
2024-08-15,4,0.024600067575244022
2024-08-15,5,0.00612447736697358
2024-08-16,1,0.008705865157808912
2024-08-16,2,0.0021307625416407405
2024-08-16,3,0.04051966750471658
2024-08-16,4,0.05519303945980519
2024-08-16,5,0.004250232649644414
2024-08-19,1,0.006902380784197415
2024-08-19,2,0.003189500371396148
2024-08-19,3,0.039032615419089756
2024-08-19,4,0.02822224638282167
2024-08-19,5,0.005276288208667657
2024-08-20,1,0.025823794231414066
2024-08-20,2,0.00526098025666033
2024-08-20,3,0.017205697624321725
2024-08-20,4,0.004043318118950867
2024-08-20,5,-0.0013803982864744047
2024-08-21,1,0.008099181427362379
2024-08-21,2,0.0020102494301905693
2024-08-21,3,0.03469916722040045
2024-08-21,4,0.03587855453337002
2024-08-21,5,0.002402445076572002
2024-08-22,1,-0.01938127383863758
2024-08-22,2,0.03451917520568415
2024-08-22,3,0.03444401385291379
2024-08-22,4,0.005244438467965906
2024-08-22,5,-0.033071425684000955
2024-08-23,1,-0.01710649595613034
2024-08-23,2,0.0004824400970286913
2024-08-23,3,-0.00799200041984821
2024-08-23,4,-0.010738627618521235
2024-08-23,5,0.01878334508707491
2024-08-26,1,-0.007492235955457505
2024-08-26,2,0.004205668903571602
2024-08-26,3,0.01873357613350979
2024-08-26,4,0.008836872086806669
2024-08-26,5,-0.02986755601583857
2024-08-27,1,0.017248199306288015
2024-08-27,2,-0.004871625028701365
2024-08-27,3,0.001002238599202454
2024-08-27,4,0.012887705568703
2024-08-27,5,0.022847208834438193
2024-08-28,1,0.02046531861565498
2024-08-28,2,0.05589590137750805
2024-08-28,3,-0.010764667740299105
2024-08-28,4,-0.0261489668162736
2024-08-28,5,0.03051010197923959
2024-08-29,1,0.03845780356764922
2024-08-29,2,0.0001572717352839592
2024-08-29,3,-0.0030291863933520347
2024-08-29,4,-0.002628057477920054
2024-08-29,5,0.012637601771154139
2024-08-30,1,0.047078900489601117
2024-08-30,2,0.008594754863713028
2024-08-30,3,-0.009593498345031648
2024-08-30,4,-0.006689815391364595
2024-08-30,5,0.016193046456108084
2024-09-02,1,-0.0038671473070769347
2024-09-02,2,0.037156169703438435
2024-09-02,3,0.028049601108583955
2024-09-02,4,-0.014383869217573675
2024-09-02,5,0.010730841852434947
2024-09-03,1,0.006199938572865882
2024-09-03,2,0.04711979214187706
2024-09-03,3,-0.030433444753676875
2024-09-03,4,0.052520013521785314
2024-09-03,5,-0.015395440038425634
2024-09-04,1,0.01495961281423508
2024-09-04,2,-0.017134795840174855
2024-09-04,3,0.017614390707743455
2024-09-04,4,0.014150420688751775
2024-09-04,5,0.009790555723562078
2024-09-05,1,0.021876541054918097
2024-09-05,2,-0.016001391233605167
2024-09-05,3,0.044446293964547745
2024-09-05,4,0.029925085440022148
2024-09-05,5,-0.006690023902692743
2024-09-06,1,0.010765324659418762
2024-09-06,2,0.041971786545287826
2024-09-06,3,-0.013957840301866142
2024-09-06,4,0.020629075073914538
2024-09-06,5,0.04159115560083054
2024-09-09,1,0.024290855979141712
2024-09-09,2,0.04517969498911001
2024-09-09,3,-0.024653597682713357
2024-09-09,4,0.014185860441950915
2024-09-09,5,0.03652396545087022
2024-09-10,1,0.012159908196578029
2024-09-10,2,0.037216517438024066
2024-09-10,3,-0.018711482386493894
2024-09-10,4,-0.0036153837665833244
2024-09-10,5,-0.0007305209025125214
2024-09-11,1,-0.0057346108847685096
2024-09-11,2,-0.0410793939519542
2024-09-11,3,0.006380095254259532
2024-09-11,4,0.05244104565434643
2024-09-11,5,-0.004995011340896804
2024-09-12,1,-0.03096668998787422
2024-09-12,2,-0.02751755015294144
2024-09-12,3,0.024840451095401173
2024-09-12,4,0.034072825263187945
2024-09-12,5,0.015097891239789829
2024-09-13,1,-0.003124490952821246
2024-09-13,2,-0.015859054806346418
2024-09-13,3,-0.012880167575967105
2024-09-13,4,0.07734631864785524
2024-09-13,5,0.0064854443098306125
2024-09-16,1,-0.016618756962927472
2024-09-16,2,-0.014823210099598694
2024-09-16,3,0.05855461412305496
2024-09-16,4,0.005045077946928711
2024-09-16,5,0.024579716167149546
2024-09-17,1,-0.02201660920774995
2024-09-17,2,-0.005775149933646473
2024-09-17,3,0.06911666131578087
2024-09-17,4,0.020834876451558515
2024-09-17,5,0.03402082438847587
2024-09-18,1,0.049565571781712725
2024-09-18,2,-0.04076967108624535
2024-09-18,3,-0.02570234121082471
2024-09-18,4,0.07574390820443805
2024-09-18,5,0.047452911846537216
2024-09-19,1,0.03401322911511123
2024-09-19,2,-0.056935147425418775
2024-09-19,3,-0.04887487309254229
2024-09-19,4,0.022940336399773997
2024-09-19,5,0.07231716692495227
2024-09-20,1,0.010906133186828704
2024-09-20,2,-0.050872701285913535
2024-09-20,3,0.003021236970982555
2024-09-20,4,-0.024788020766058017
2024-09-20,5,0.04137607618972511
2024-09-23,1,0.0043993441985450965
2024-09-23,2,0.004420791126771295
2024-09-23,3,-0.0321558696664882
2024-09-23,4,0.005926688815142356
2024-09-23,5,-0.0057047612188287355
2024-09-24,1,0.01594658116473696
2024-09-24,2,-0.025259756364580555
2024-09-24,3,0.03608408524658929
2024-09-24,4,-0.008917255171907168
2024-09-24,5,-0.01603489231843158
2024-09-25,1,0.011948475351795274
2024-09-25,2,-0.00017363544802018183
2024-09-25,3,-0.007047374192816203
2024-09-25,4,-0.015059013296815582
2024-09-25,5,-0.02599435792424143
2024-09-26,1,0.030407510067976262
2024-09-26,2,-0.0019823223487029362
2024-09-26,3,-0.0036389707115721537
2024-09-26,4,-0.006723887425050368
2024-09-26,5,-0.022603279419838695
2024-09-27,1,0.021649546327161706
2024-09-27,2,-0.017845172416421917
2024-09-27,3,0.007921522207424037
2024-09-27,4,-0.015460677845330728
2024-09-27,5,-0.034159769336985335
2024-09-30,1,0.03818389079733858
2024-09-30,2,-0.018086706669581232
2024-09-30,3,-0.015252789063099959
2024-09-30,4,-0.01995995621098562
2024-09-30,5,-0.027185326391129527
2024-10-01,1,0.0154033867696734
2024-10-01,2,-0.015893890743225114
2024-10-01,3,-0.03866138952366788
2024-10-01,4,-0.033827359145221336
2024-10-01,5,-0.028818144879497853
2024-10-02,1,0.010905834073258236
2024-10-02,2,-0.051238554077766396
2024-10-02,3,0.0089550050574832
2024-10-02,4,-0.03161902224347701
2024-10-02,5,-0.03213023315945801
2024-10-03,1,0.015823537757429007
2024-10-03,2,-0.02840731668042651
2024-10-03,3,-0.027594340243968618
2024-10-03,4,-0.0059695742615607505
2024-10-03,5,-0.03553643072325008
2024-10-04,1,0.04127262076257243
2024-10-04,2,-0.017265380561315657
2024-10-04,3,-0.0243826057808611
2024-10-04,4,-0.041444564463905154
2024-10-04,5,0.0039631776911973615
2024-10-07,1,0.023784275112853526
2024-10-07,2,-0.02342988589608147
2024-10-07,3,-0.011295008434205556
2024-10-07,4,-0.020140725582364405
2024-10-07,5,-0.007753033779005936
2024-10-08,1,0.026325301551313518
2024-10-08,2,0.000944433696419611
2024-10-08,3,-0.0245158949361286
2024-10-08,4,-0.02683659000329358
2024-10-08,5,0.024324891181830455
2024-10-09,1,0.03540164219946901
2024-10-09,2,-0.002931748947674284
2024-10-09,3,-0.011041562715068065
2024-10-09,4,-0.008095047052808335
2024-10-09,5,0.013025086988492585
2024-10-10,1,0.037795075796590916
2024-10-10,2,0.0218010250702248
2024-10-10,3,-0.01604297708084057
2024-10-10,4,-0.026434766122757525
2024-10-10,5,0.019813944217535517
2024-10-11,1,0.014570391207961997
2024-10-11,2,0.03385880052340984
2024-10-11,3,-0.03367345143687106
2024-10-11,4,0.03212615214792214
2024-10-11,5,-0.037199319848477075
2024-10-14,1,0.009773846732460678
2024-10-14,2,0.023606089633834704
2024-10-14,3,-0.004562881757087023
2024-10-14,4,-0.018782364801020857
2024-10-14,5,0.019822742575540786
2024-10-15,1,0.02402487540218662
2024-10-15,2,-0.021367795719492766
2024-10-15,3,-0.002760270557589428
2024-10-15,4,0.01920690237481898
2024-10-15,5,-0.019848485545868932
2024-10-16,1,0.0063123809761251315
2024-10-16,2,0.008553681035464666
2024-10-16,3,-0.03640694643777531
2024-10-16,4,-0.02622052155454785
2024-10-16,5,0.019555145180144617
2024-10-17,1,-0.018698287139802094
2024-10-17,2,-0.02213396443820259
2024-10-17,3,-0.020100045274764056
2024-10-17,4,-0.005774807532314574
2024-10-17,5,-0.004055034869596075
2024-10-18,1,-0.02301314527844961
2024-10-18,2,0.0010566403091979426
2024-10-18,3,-0.010076801399607593
2024-10-18,4,-0.014041260193904503
2024-10-18,5,-0.00441969994644853
2024-10-21,1,-0.01227337818508889
2024-10-21,2,0.019859648899084203
2024-10-21,3,-0.029202885737195372
2024-10-21,4,-0.00520112954141233
2024-10-21,5,0.01562851193681436
2024-10-22,1,-0.02930776468767271
2024-10-22,2,0.0039032848044780466
2024-10-22,3,-0.04418022921639153
2024-10-22,4,0.048788243664290465
2024-10-22,5,0.03906049036156922
2024-10-23,1,-0.01584611815725373
2024-10-23,2,-0.0014103033091541484
2024-10-23,3,-0.02857950514284019
2024-10-23,4,0.0440081012878934
2024-10-23,5,0.02445196503114011
2024-10-24,1,-0.010596088121729852
2024-10-24,2,-0.017639228833878418
2024-10-24,3,-0.0032715390924528687
2024-10-24,4,0.027602392103050932
2024-10-24,5,-0.0012130268152689139
2024-10-25,1,0.005656456171043267
2024-10-25,2,-0.022101199845295294
2024-10-25,3,-0.016696310576129858
2024-10-25,4,0.0020090522162292124
2024-10-25,5,0.014606654662071339
2024-10-28,1,-0.01911972345896118
2024-10-28,2,0.022408752094589923
2024-10-28,3,0.00935348613848297
2024-10-28,4,-0.011603056235629294
2024-10-28,5,0.00838045903523088
2024-10-29,1,0.020096795172233006
2024-10-29,2,-0.02443055649201581
2024-10-29,3,0.03301885254029485
2024-10-29,4,-0.03886207262745317
2024-10-29,5,-0.0073600503394373185
2024-10-30,1,-0.04641374550060984
2024-10-30,2,0.03836873141233249
2024-10-30,3,-0.013579639950732025
2024-10-30,4,-0.004059135090030808
2024-10-30,5,-0.004366523562455815
2024-10-31,1,-0.020626734975096483
2024-10-31,2,0.000406088629112622
2024-10-31,3,0.031313503630890194
2024-10-31,4,0.017203499590574045
2024-10-31,5,0.0048622746225457925
2024-11-01,1,0.03817911224623188
2024-11-01,2,-0.05010250244008657
2024-11-01,3,0.011677415864213059
2024-11-01,4,0.03439370483103399
2024-11-01,5,0.025175715468237436
2024-11-04,1,0.026039933093595258
2024-11-04,2,0.018450732005570736
2024-11-04,3,-0.08024512129028472
2024-11-04,4,0.005881792195783608
2024-11-04,5,0.023634808253843786
2024-11-05,1,0.028942398691781113
2024-11-05,2,0.004787874810327664
2024-11-05,3,-0.057828736797593705
2024-11-05,4,0.024137456005407232
2024-11-05,5,0.03838448890837143
2024-11-06,1,0.017634383594483716
2024-11-06,2,-0.021238706434217047
2024-11-06,3,-0.0009579283419975382
2024-11-06,4,0.007752805141868047
2024-11-06,5,0.0684764039044618
2024-11-07,1,-0.004727166787588999
2024-11-07,2,0.011694626156867893
2024-11-07,3,0.02438191132875711
2024-11-07,4,0.04415317491656073
2024-11-07,5,0.032098508465850384
2024-11-08,1,0.017975193130197742
2024-11-08,2,0.012609310778190719
2024-11-08,3,0.015721640905533463
2024-11-08,4,0.07137294237902791
2024-11-08,5,-0.0035332544461413873
2024-11-11,1,0.013404094467553085
2024-11-11,2,0.004032478695751518
2024-11-11,3,-0.01653895297807012
2024-11-11,4,0.07081521743079316
2024-11-11,5,-0.00029560670422351665
2024-11-12,1,-0.003940933971504079
2024-11-12,2,-0.011520451931866516
2024-11-12,3,0.046407577413508094
2024-11-12,4,0.03994653379660096
2024-11-12,5,-0.0266667374840438
2024-11-13,1,-0.043843248241261845
2024-11-13,2,0.03401005346736036
2024-11-13,3,0.06100248955639731
2024-11-13,4,-0.029353419196115504
2024-11-13,5,0.018973879919163883
2024-11-14,1,-0.029128511394994117
2024-11-14,2,-0.004028410719444264
2024-11-14,3,0.03829342880122599
2024-11-14,4,-0.029003603426008773
2024-11-14,5,0.015399636693460117
2024-11-15,1,-0.02663843663312543
2024-11-15,2,-0.00929382406111523
2024-11-15,3,0.02331805527228825
2024-11-15,4,-0.014972427543952394
2024-11-15,5,-0.008731408947329655
2024-11-18,1,-0.03221336146716952
2024-11-18,2,0.012342880352146979
2024-11-18,3,-0.010053817794280162
2024-11-18,4,0.010243073353455423
2024-11-18,5,-0.026332324249095374
2024-11-19,1,-0.03283491609675632
2024-11-19,2,-0.015118642677530825
2024-11-19,3,0.03914224560390378
2024-11-19,4,-0.021156004664919292
2024-11-19,5,0.005122265656354208
2024-11-20,1,-0.022090831632435748
2024-11-20,2,0.014039013831267155
2024-11-20,3,0.0014446925916994924
2024-11-20,4,0.009534372641622157
2024-11-20,5,-0.033320433618919676
2024-11-21,1,-0.009590534102955184
2024-11-21,2,-0.014105025610702815
2024-11-21,3,0.012721722823972492
2024-11-21,4,0.016220449868426245
2024-11-21,5,-0.023065663484734766
2024-11-22,1,-0.01615870040487155
2024-11-22,2,-0.0028295047320068267
2024-11-22,3,-0.008184714798977255
2024-11-22,4,-0.007323883141130472
2024-11-22,5,-0.01163781197225694
2024-11-25,1,0.013172150792035042
2024-11-25,2,0.0031402200595838092
2024-11-25,3,0.011486148954984732
2024-11-25,4,0.003560408483498645
2024-11-25,5,-0.0024874025123288734
2024-11-26,1,-0.005633741827315186
2024-11-26,2,-0.010544560111715562
2024-11-26,3,-0.0001070445050076474
2024-11-26,4,0.020823125270335363
2024-11-26,5,0.013738487555222445
2024-11-27,1,-0.006478213184213488
2024-11-27,2,0.047440554385375866
2024-11-27,3,-0.011839021699732277
2024-11-27,4,-0.010589464702317475
2024-11-27,5,0.0037615257558618054
2024-11-28,1,-0.01154979120624755
2024-11-28,2,-0.009170896379210536
2024-11-28,3,0.034334256179105405
2024-11-28,4,0.006769921223562403
2024-11-28,5,0.0011506218656998635
2024-11-29,1,0.008522702995114873
2024-11-29,2,-0.0007350350047245491
2024-11-29,3,-0.007961677708698212
2024-11-29,4,0.056324600791942514
2024-11-29,5,0.003815644666007867
2024-12-02,1,-0.003315456077779
2024-12-02,2,0.03313647789877422
2024-12-02,3,-0.004724235267470789
2024-12-02,4,-0.01661349958548819
2024-12-02,5,0.030521340825664878
2024-12-03,1,0.015569129938781734
2024-12-03,2,-0.009709166200927488
2024-12-03,3,0.024056750263114657
2024-12-03,4,0.025083341053535935
2024-12-03,5,-0.019798493805717077
2024-12-04,1,0.00921672982873406
2024-12-04,2,0.019655889382684144
2024-12-04,3,-0.011576585623586544
2024-12-04,4,0.013841617295387187
2024-12-04,5,0.01795914740625426
2024-12-05,1,0.013476479146395437
2024-12-05,2,0.03792620773203631
2024-12-05,3,-0.019386481947013257
2024-12-05,4,0.03673429859218025
2024-12-05,5,-0.011049237686961477
2024-12-06,1,0.0249544423612037
2024-12-06,2,0.034995397225299985
2024-12-06,3,0.015011037664458049
2024-12-06,4,0.0031276290037991483
2024-12-06,5,-0.00911873195314794
2024-12-09,1,-0.03325214931040332
2024-12-09,2,-0.004127059031168223
2024-12-09,3,0.029756698872971943
2024-12-09,4,0.016941981753348156
2024-12-09,5,-0.004670950325974643
2024-12-10,1,0.027421947218078557
2024-12-10,2,-0.0034373918233758793
2024-12-10,3,-0.001701091449364256
2024-12-10,4,0.0006649519476452648
2024-12-10,5,-0.004208645312566872
2024-12-11,1,0.00926777764620712
2024-12-11,2,-0.005483544130095552
2024-12-11,3,-0.0017715730140751562
2024-12-11,4,-0.00703543559942077
2024-12-11,5,0.01678371818510549
2024-12-12,1,0.016265842236980244
2024-12-12,2,0.010042791822932717
2024-12-12,3,0.0022923279683318976
2024-12-12,4,-0.03812173014543113
2024-12-12,5,0.03825976398670372
2024-12-13,1,-0.011723793266330662
2024-12-13,2,0.03628890820954517
2024-12-13,3,-0.0179480013559305
2024-12-13,4,-0.028329766345789154
2024-12-13,5,0.04933824093351674
2024-12-16,1,0.026006849608483373
2024-12-16,2,0.009598462873087854
2024-12-16,3,-0.014698820670301982
2024-12-16,4,0.02873560348612897
2024-12-16,5,-0.012243757163498126
2024-12-17,1,0.040320233450234444
2024-12-17,2,-0.0025194738760531132
2024-12-17,3,0.07503539578731033
2024-12-17,4,-0.03478581311140705
2024-12-17,5,-0.019176170336703713
2024-12-18,1,0.046973000447288527
2024-12-18,2,-0.013524162381889082
2024-12-18,3,-0.02734063244592916
2024-12-18,4,0.061476097732778345
2024-12-18,5,-0.02349983217762941
2024-12-19,1,0.0523000467331845
2024-12-19,2,-0.012210965956804654
2024-12-19,3,0.02554407942563236
2024-12-19,4,-0.04488070681249551
2024-12-19,5,0.005054726861405623
2024-12-20,1,0.0309474368170482
2024-12-20,2,-0.0035311873837174934
2024-12-20,3,0.012136713727472825
2024-12-20,4,-0.02177892800402592
2024-12-20,5,-0.01249641969564197
2024-12-23,1,0.047312408824927654
2024-12-23,2,0.03449628613454475
2024-12-23,3,-0.0036370088006563717
2024-12-23,4,-0.011851471734401597
2024-12-23,5,0.013273480291720818
2024-12-24,1,0.02518346903679708
2024-12-24,2,0.027683017810077537
2024-12-24,3,-0.013353983200858177
2024-12-24,4,-0.007200188140791097
2024-12-24,5,0.00603721965483589
2024-12-25,1,-0.864592336658849
2024-12-25,2,1.1067650360586248
2024-12-25,3,4.838625421330275
2024-12-25,4,1.764746572599939
2024-12-25,5,3.42808159574862
2024-12-26,1,-0.8887406947013425
2024-12-26,2,1.1074270673048814
2024-12-26,3,4.813135741060593
2024-12-26,4,2.8725379455836784
2024-12-26,5,2.844341568562424
2024-12-27,1,-0.8752229258024441
2024-12-27,2,3.0125663135321763
2024-12-27,3,3.83218944604286
2024-12-27,4,2.846863410068866
2024-12-27,5,2.8606541749318244
2024-12-30,1,-0.8586157423433564
2024-12-30,2,6.594746277733461
2024-12-30,3,2.0892484731877614
2024-12-30,4,1.7483418045331753
2024-12-30,5,3.420187236820003
2024-12-31,1,-0.8969148054581204
2024-12-31,2,3.047977960270978
2024-12-31,3,3.866173926474808
2024-12-31,4,1.7605606018140172
2024-12-31,5,3.4175729205031757
2025-11-05,1,-0.004497325234487426
2025-11-05,2,0.008210789777588046
2025-11-05,3,-0.02787502022698579
2025-11-05,4,0.009556570042342338
2025-11-05,5,-0.03291940088826345
2025-11-06,1,-0.09974070634553178
2025-11-06,2,0.011989720106885593
2025-11-06,3,-0.0038465911127113506
2025-11-06,4,-0.00378267055522874
2025-11-06,5,-0.018069134353406735
2025-11-07,1,0.026942098656456692
2025-11-07,2,-0.03980100259469188
2025-11-07,3,-0.02114168090908697
2025-11-07,4,-0.00734581271368262
2025-11-07,5,-0.0028800083337662263
2025-11-10,1,-0.08238724007563414
2025-11-10,2,0.003191932779258222
2025-11-10,3,-0.05579446521293957
2025-11-10,4,-0.016615326401239527
2025-11-10,5,-0.0350314679670376
2025-11-11,1,-0.08854373601235066
2025-11-11,2,-0.023382610957865424
2025-11-11,3,-0.028846376640651816
2025-11-11,4,-0.11101554784990708
2025-11-11,5,-0.054556605026706395
2025-11-12,1,-0.017937934008497858
2025-11-12,2,-0.061197355727253044
2025-11-12,3,-0.012515086372676565
2025-11-12,4,-0.09071566079752047
2025-11-12,5,-0.033744767040436274
2025-11-13,1,-0.049925647552531593
2025-11-13,2,-0.016438887058356166
2025-11-13,3,-0.05658357366115446
2025-11-13,4,0.039329794920688665
2025-11-13,5,-0.033315566981956424
2025-11-14,1,-0.002978740083145026
2025-11-14,2,-0.032784593205746115
2025-11-14,3,-0.050930340175784405
2025-11-14,4,0.08235747596674481
2025-11-14,5,-0.05984319513208247
2025-11-17,1,-0.06754985280641923
2025-11-17,2,0.024158477980935733
2025-11-17,3,0.005564320903253761
2025-11-17,4,0.11434631974162823
2025-11-17,5,-0.00406358890840558
2025-11-18,1,0.13219782370006428
2025-11-18,2,-0.01821036868881698
2025-11-18,3,0.04109141455884657
2025-11-18,4,-0.034246230104036934
2025-11-18,5,0.04807071325435236
2025-11-19,1,0.07200335868079655
2025-11-19,2,0.09140194068491403
2025-11-19,3,0.015199401394997258
2025-11-19,4,0.029516870767773318
2025-11-19,5,0.012071775222713521
2025-11-20,1,0.10359582093686748
2025-11-20,2,0.08718335332329885
2025-11-20,3,0.07159952263095248
2025-11-20,4,0.028350984813235725
2025-11-20,5,0.026327871545606507
2025-11-21,1,0.042141910060075505
2025-11-21,2,0.030828792669453375
2025-11-21,3,0.06441715720077196
2025-11-21,4,0.058637334507779304
2025-11-21,5,0.052164146341791784
2025-11-24,1,-0.008416498729938215
2025-11-24,2,0.03673942137494479
2025-11-24,3,0.02495073343567311
2025-11-24,4,0.02725102380604405
2025-11-24,5,0.03458046902164674
2025-11-25,1,0.010387986149158812
2025-11-25,2,-0.011575813222990616
2025-11-25,3,0.03493860057796766
2025-11-25,4,0.02580583885883947
2025-11-25,5,0.0070641683805489075
2025-11-26,1,-0.007074079564199476
2025-11-26,2,0.04412349268852256
2025-11-26,3,0.041115364118384456
2025-11-26,4,0.011570274672957348
2025-11-26,5,-0.004526978218107713
2025-11-28,1,0.039464759838741204
2025-11-28,2,0.003698777778571083
2025-11-28,3,0.04382220856683433
2025-11-28,4,4.6391173275539543e-05
2025-11-28,5,-0.0167608109883976
2025-12-01,1,0.02325875143435674
2025-12-01,2,0.031282089070670205
2025-12-01,3,0.005213647658474985
2025-12-01,4,-0.018387259440699077
2025-12-01,5,0.0029899011835037292
2025-12-02,1,0.01608290212455299
2025-12-02,2,0.019596887264160312
2025-12-02,3,-0.013674157169518864
2025-12-02,4,0.03806777757009083
2025-12-02,5,-0.011652270308226076
2025-12-03,1,0.01727670249494162
2025-12-03,2,0.011405015390405726
2025-12-03,3,0.0022560843093557548
2025-12-03,4,0.0022842293788938317
2025-12-03,5,8.880139395595066e-06
2025-12-04,1,-0.01613320660956641
2025-12-04,2,-0.013041914832249368
2025-12-04,3,-0.012614584071344026
2025-12-04,4,-0.0131425841309748
2025-12-04,5,0.00568393914598081
2025-12-05,1,-0.04400738779276925
2025-12-05,2,0.009841641851130789
2025-12-05,3,-0.03889168185324676
2025-12-05,4,-0.00900998560406241
2025-12-05,5,-0.008012565252216497
2025-12-08,1,-0.029085620562956938
2025-12-08,2,-0.0172248297226274
2025-12-08,3,0.014440264207140896
2025-12-08,4,-0.013558562707938648
2025-12-08,5,-0.025962451844714907
2025-12-09,1,0.0005592289879277068
2025-12-09,2,0.09729276580790913
2025-12-09,3,-0.024208638106452185
2025-12-09,4,-0.03328833620872318
2025-12-09,5,-0.027552368867725496
2025-12-10,1,0.03701122207213403
2025-12-10,2,-0.0006855776612068043
2025-12-10,3,-0.015004987384712398
2025-12-10,4,-0.07095418953755983
2025-12-10,5,-0.0606825951388309
2025-12-11,1,0.01836369118461534
2025-12-11,2,-0.021061148972055466
2025-12-11,3,0.0333983683414632
2025-12-11,4,-0.03672649860076016
2025-12-11,5,-0.015185238202267415
2025-12-12,1,0.05009140298050041
2025-12-12,2,0.022807254929595233
2025-12-12,3,-0.0005096185939353903
2025-12-12,4,-0.006058466728618206
2025-12-12,5,0.02042211301660718
2025-12-15,1,0.0301157625104711
2025-12-15,2,0.02185999227383517
2025-12-15,3,0.0048973656219007955
2025-12-15,4,0.005930826107553577
2025-12-15,5,0.03469656234192736
2025-12-16,1,-0.007024115065097258
2025-12-16,2,0.012172493656391836
2025-12-16,3,0.023954373469789847
2025-12-16,4,-0.008098309871121256
2025-12-16,5,0.05374177352086312
2025-12-17,1,0.03882094186517626
2025-12-17,2,0.02773883765008356
2025-12-17,3,0.062347924477824224
2025-12-17,4,0.007312558747003983
2025-12-17,5,0.05338893448357346
2025-12-18,1,-0.01669084950881783
2025-12-18,2,-0.0016604127311520278
2025-12-18,3,0.04950595154054449
2025-12-18,4,0.004527647975003379
2025-12-18,5,0.030688786300899884
2025-12-19,1,-0.04492528750931957
2025-12-19,2,0.03985316130638494
2025-12-19,3,0.00017995302325291007
2025-12-19,4,0.020767937933762637
2025-12-19,5,0.01156600714885847
2025-12-22,1,-0.0719086243547441
2025-12-22,2,0.005277406363087378
2025-12-22,3,0.014555703769508155
2025-12-22,4,0.006830674410052362
2025-12-22,5,0.015543753575437191
2025-12-23,1,-0.0757870580476876
2025-12-23,2,-0.014273695908018191
2025-12-23,3,-0.004214594281817641
2025-12-23,4,-0.005670726293954376
2025-12-23,5,-0.00573337405383989
2025-12-24,1,-0.10136254917331522
2025-12-24,2,-0.010258728795592309
2025-12-24,3,-0.0284332419235363
2025-12-24,4,-0.025420467678066272
2025-12-24,5,0.0024481862068179705
2025-12-26,1,-0.049283083836029085
2025-12-26,2,-0.00649319527061909
2025-12-26,3,-0.021604980067252533
2025-12-26,4,0.0029395432426166934
2025-12-26,5,-0.006471406448196382
2025-12-29,1,0.0032197510872963298
2025-12-29,2,-0.05798337976281487
2025-12-29,3,-0.011271518886829257
2025-12-29,4,-0.042249426279146296
2025-12-29,5,0.02059450548375158
2025-12-30,1,-0.050228429360742344
2025-12-30,2,-0.025860918922902876
2025-12-30,3,-0.02767975314746063
2025-12-30,4,0.008498867875517901
2025-12-30,5,0.032600873863725066
2025-12-31,1,-0.011024794357891055
2025-12-31,2,-0.029687862018390798
2025-12-31,3,-0.03455321845797088
2025-12-31,4,-0.007477514075202252
2025-12-31,5,0.05279550161334384
2026-01-02,1,0.004383789539790572
2026-01-02,2,0.017350693040721565
2026-01-02,3,-0.01504215677007259
2026-01-02,4,-0.02105081291414601
2026-01-02,5,0.06574065073725394
2026-01-05,1,-0.004818368668370598
2026-01-05,2,-0.016752551266772886
2026-01-05,3,-0.008083731867976174
2026-01-05,4,-0.026360144460437662
2026-01-05,5,0.05222138336856075
2026-01-06,1,0.032685508800626706
2026-01-06,2,-0.045207637944079004
2026-01-06,3,-0.004528378263776667
2026-01-06,4,-0.007370457675943021
2026-01-06,5,0.031057253487745684
2026-01-07,1,-0.051820444619537276
2026-01-07,2,-0.019899494494413417
2026-01-07,3,-0.016137130703412883
2026-01-07,4,-0.031727157150765684
2026-01-07,5,0.02049234476792733
2026-01-08,1,-0.03301530692944599
2026-01-08,2,-0.03918800693423374
2026-01-08,3,-0.011484019344811358
2026-01-08,4,0.006766067579904944
2026-01-08,5,0.003988991811610776
2026-01-09,1,-0.016807227279688197
2026-01-09,2,-0.04092492759605748
2026-01-09,3,-0.023181664169152627
2026-01-09,4,-0.0334943889646534
2026-01-09,5,-0.0035430957987877543
2026-01-12,1,-0.05993291606250928
2026-01-12,2,-0.06739771802307437
2026-01-12,3,-0.03893277856183902
2026-01-12,4,-0.05276806110183252
2026-01-12,5,-0.05014491263142212
2026-01-13,1,-0.02228104803405806
2026-01-13,2,-0.03440181648998508
2026-01-13,3,-0.04288422313389845
2026-01-13,4,-0.05199119747214154
2026-01-13,5,-0.02923378326642312
2026-01-14,1,0.025022594734132153
2026-01-14,2,-0.015316363428915403
2026-01-14,3,-0.031294452790520566
2026-01-14,4,0.052880973435484036
2026-01-14,5,0.0009093677315085147
2026-01-15,1,0.025789404798427507
2026-01-15,2,-0.039505615879651956
2026-01-15,3,0.0035240980556251467
2026-01-15,4,0.06148859939089779
2026-01-15,5,0.004941324054894336
2026-01-16,1,-0.0026353202944016108
2026-01-16,2,0.0005864823995076485
2026-01-16,3,0.05322704484649471
2026-01-16,4,0.010506284473222327
2026-01-16,5,0.00041577109440060767
2026-01-20,1,0.029198450714001734
2026-01-20,2,0.05694876431580864
2026-01-20,3,0.05201207779917555
2026-01-20,4,0.10993229584847053
2026-01-20,5,0.04839564207459707
2026-01-21,1,0.08203690686051401
2026-01-21,2,0.0014223257198311412
2026-01-21,3,0.05608448942804728
2026-01-21,4,0.044115004832692595
2026-01-21,5,0.042703923176589886
2026-01-22,1,-0.07464690597365464
2026-01-22,2,-0.0337239874451607
2026-01-22,3,0.0321256777334501
2026-01-22,4,0.039751952905092036
2026-01-22,5,0.08406164763964241
2026-01-23,1,-0.07395677871458295
2026-01-23,2,0.030415761415568454
2026-01-23,3,0.0024577667891398924
2026-01-23,4,0.08975920510803337
2026-01-23,5,0.009765319824372065
2026-01-26,1,-0.0993317984306088
2026-01-26,2,0.030996612214113428
2026-01-26,3,0.013333635217094686
2026-01-26,4,0.05503201248065315
2026-01-26,5,0.007716373996478565
2026-01-27,1,-0.1499555658628634
2026-01-27,2,0.03330115938840772
2026-01-27,3,-0.0020327857726969434
2026-01-27,4,-0.04335958810295837
2026-01-27,5,0.009320243332699374
2026-01-28,1,-0.1448935203496554
2026-01-28,2,0.006769436160714459
2026-01-28,3,-0.033581716827021824
2026-01-28,4,-0.0933752703417624
2026-01-28,5,0.017485199624251768
2026-01-29,1,-0.04585096087907914
2026-01-29,2,-0.09450451818035044
2026-01-29,3,-0.014137580538803374
2026-01-29,4,-0.020494105667608342
2026-01-29,5,-0.09611434033402422
2026-01-30,1,-0.07897006326084932
2026-01-30,2,-0.0450833092543268
2026-01-30,3,-0.056114889393251655
2026-01-30,4,0.07054346748895635
2026-01-30,5,-0.0759190226053777
2026-02-02,1,-0.041061636831454584
2026-02-02,2,-0.00901899413503382
2026-02-02,3,-0.03918814149745281
2026-02-02,4,0.01737780926325716
2026-02-02,5,-0.0604437794964261
2026-02-03,1,-0.02983609847452029
2026-02-03,2,0.0069433112935741725
2026-02-03,3,0.028982218532293658
2026-02-03,4,-0.0635139111298536
2026-02-03,5,-0.06173599652688666
2026-02-04,1,-3.054408962155364e-05
2026-02-04,2,0.05452798591408914
2026-02-04,3,-0.044818654048257855
2026-02-04,4,-0.0034451720177559597
2026-02-04,5,-0.01958383300686184
2026-02-05,1,-0.03008849756076748
2026-02-05,2,0.05005060219611135
2026-02-05,3,-0.023639902729063467
2026-02-05,4,0.08744111513269592
2026-02-05,5,-0.07939254122274747
2026-02-06,1,0.015943659709338975
2026-02-06,2,-0.03248355832082239
2026-02-06,3,-0.04044757826445233
2026-02-06,4,-0.013369244945701464
2026-02-06,5,-0.05498945092083252
2026-02-09,1,-0.015475508254061299
2026-02-09,2,-0.05705990964703178
2026-02-09,3,-0.033761416440301784
2026-02-09,4,-0.03782017214395461
2026-02-09,5,-0.05356214169714346
2026-02-10,1,-0.03270151825369527
2026-02-10,2,-0.04131440215746662
2026-02-10,3,-0.04094854153314148
2026-02-10,4,-0.03261614785725475
2026-02-10,5,-0.006158825192856265
2026-02-11,1,-0.03586250615418207
2026-02-11,2,-0.03894979548629418
2026-02-11,3,-0.020439087031412118
2026-02-11,4,-0.010793886627961213
2026-02-11,5,-0.024614175746102973
2026-02-12,1,-0.012530890418142815
2026-02-12,2,0.00924577523614789
2026-02-12,3,0.00432374024722626
2026-02-12,4,0.011804577383000447
2026-02-12,5,0.033833578528646324
2026-02-13,1,-0.04253269341083821
2026-02-13,2,-0.003382131879360095
2026-02-13,3,-0.01132305095998204
2026-02-13,4,0.0469949766741361
2026-02-13,5,0.03674327003108391
2026-02-17,1,-0.019375533588804172
2026-02-17,2,0.0005850855714630843
2026-02-17,3,0.01374992334580949
2026-02-17,4,0.037057137568605625
2026-02-17,5,0.036637221418417965
2026-02-18,1,0.015576435095045804
2026-02-18,2,0.03192914272101954
2026-02-18,3,0.01024347741671161
2026-02-18,4,0.03974563342295345
2026-02-18,5,0.033070684558199615
2026-02-19,1,-0.006502541557120822
2026-02-19,2,0.015870158709131554
2026-02-19,3,-0.0026005351723960013
2026-02-19,4,0.015679497954416366
2026-02-19,5,0.03320050449186385
2026-02-20,1,-0.021626051596165707
2026-02-20,2,-0.010713448939375203
2026-02-20,3,-0.01000561216186363
2026-02-20,4,-0.06625463486681626
2026-02-20,5,-0.00031194969183895305
2026-02-23,1,-0.015660941817102314
2026-02-23,2,0.009500982512676615
2026-02-23,3,0.03125161355902484
2026-02-23,4,0.015424974087764887
2026-02-23,5,-0.02509841051729339
2026-02-24,1,0.024774067812683764
2026-02-24,2,-0.023358363797247983
2026-02-24,3,-0.013531213401873465
2026-02-24,4,-0.04138506126806951
2026-02-24,5,-0.014854749828740577
2026-02-25,1,-0.026549139760739582
2026-02-25,2,0.02157569215066979
2026-02-25,3,-0.0096975693642391
2026-02-25,4,-0.06306271599698055
2026-02-25,5,-0.006633911128044512
2026-02-26,1,-0.006379063099211213
2026-02-26,2,0.005773935161255461
2026-02-26,3,0.0007760507867987654
2026-02-26,4,-0.0469087129656558
2026-02-26,5,0.022821083667750985
2026-02-27,1,-0.004568882044678202
2026-02-27,2,0.040772554703460195
2026-02-27,3,-0.0042975281441739455
2026-02-27,4,-0.0431478723218226
2026-02-27,5,-0.004660769331424008
2026-03-02,1,-0.00894571338336314
2026-03-02,2,0.001983259251392977
2026-03-02,3,-0.005222669892634757
2026-03-02,4,0.027079404753703185
2026-03-02,5,0.0035069223680026518
2026-03-03,1,-0.000953081870048389
2026-03-03,2,0.018024821207152653
2026-03-03,3,0.00819959150619165
2026-03-03,4,-0.01097553468080692
2026-03-03,5,0.027259450795551643
2026-03-04,1,-0.01905587862767988
2026-03-04,2,-0.000647676037567102
2026-03-04,3,-0.006941221710890733
2026-03-04,4,0.018622752992531355
2026-03-04,5,0.005365385156167302
2026-03-05,1,-0.03380407470642022
2026-03-05,2,-0.02534825850378064
2026-03-05,3,-0.03253246111528474
2026-03-05,4,0.009362447349317349
2026-03-05,5,-0.00865575402581209
2026-03-06,1,-0.04836499791113158
2026-03-06,2,-0.013245340811961603
2026-03-06,3,-0.02964209444488486
2026-03-06,4,0.013022281210183229
2026-03-06,5,-0.007081612331138798
2026-03-09,1,-0.0298999056070961
2026-03-09,2,-0.007854374927863672
2026-03-09,3,-0.015068300201154405
2026-03-09,4,0.0035878962770237166
2026-03-09,5,-0.0147153768310746
2026-03-10,1,-0.04785233527715482
2026-03-10,2,0.0009716860424141549
2026-03-10,3,-0.005502181423064356
2026-03-10,4,-0.02511944756307849
2026-03-10,5,-0.0010637575635896734
2026-03-11,1,-0.03678660440489945
2026-03-11,2,-0.06027012719808911
2026-03-11,3,-0.01766416310863117
2026-03-11,4,-0.030288835043044582
2026-03-11,5,-0.027147360529885034
2026-03-12,1,-0.04938453310052959
2026-03-12,2,-0.03714919971366226
2026-03-12,3,-0.0285149599945988
2026-03-12,4,-0.02647543953230702
2026-03-12,5,0.004502803383393206
2026-03-13,1,-0.032534443559336546
2026-03-13,2,-0.04199108581638911
2026-03-13,3,-0.047353065369172664
2026-03-13,4,-0.003775083278351743
2026-03-13,5,-0.009337958461746954
2026-03-16,1,-0.03606615423973125
2026-03-16,2,-0.042918818667924796
2026-03-16,3,-0.03942444175102355
2026-03-16,4,-0.006728222239078541
2026-03-16,5,-0.008052712794901606
2026-03-17,1,-0.04821222536491576
2026-03-17,2,-0.06835716164617578
2026-03-17,3,-0.05341816034256153
2026-03-17,4,-0.0369088683821438
2026-03-17,5,-0.023425528315514865
2026-03-18,1,-0.033679715939717525
2026-03-18,2,-0.053839841263740085
2026-03-18,3,-0.035441306174280374
2026-03-18,4,0.009467511980757126
2026-03-18,5,0.0010755969583263747
2026-03-19,1,-0.0604340221267291
2026-03-19,2,-0.01992919090029266
2026-03-19,3,-0.09315756454209062
2026-03-19,4,-0.04007515386700877
2026-03-19,5,0.005418353031972967
2026-03-20,1,-0.06719317693293614
2026-03-20,2,-0.11704640911979414
2026-03-20,3,-0.022044156466167975
2026-03-20,4,-0.0910904287745774
2026-03-20,5,-0.01235591906643363
2026-03-23,1,-0.0640138906488299
2026-03-23,2,-0.06824076855645145
2026-03-23,3,-0.10598090898432488
2026-03-23,4,-0.0600328661253301
2026-03-23,5,-0.03134844718071167
2026-03-24,1,-0.00599627259237312
2026-03-24,2,-0.02919551490724681
2026-03-24,3,-0.017702032750082253
2026-03-24,4,0.006865609163591357
2026-03-24,5,0.003726882993450864
